Title,Summary,Time
"Τους ψήφισαν, τους επέτρεψαν, είναι καιρός να αντιδράσουν!", Εδώ και λίγες μέρες με τις ψήφους μόνο της Ν.Δ. αποτελεί νόμο του κράτους το νέο εργασιακό νομοσχέδιο ή καλύτερα η ταφόπλακα των δικαιωμάτων και των κεκτημένων των εργαζομένων.,"08.07.2021, 16:00"
"Τώρα και για τους εκπαιδευτικούς, μόρια αντί για αμοιβή!", Τη λειτουργία «εκπαιδευτικών ομίλων» μετά τη λήξη του ημερήσιου ωρολογίου προγράμματος διδασκαλίας προβλέπει το νέο νομοσχέδιο του υπουργείου Παιδείας.,"05.07.2021, 10:27"
Οι κρίσεις και το δόγμα του ατομισμού, Σκεφτείτε τι θα γινόταν αν ο καύσωνας της προηγούμενης εβδομάδας διαρκούσε περισσότερο και οι θερμοκρασίες ήταν υψηλότερες. [...] Οποιαδήποτε δραστηριότητα σε εξωτερικό χώρο που θα συνεπάγεται σωματική...,"05.07.2021, 04:00"
Το ασφαλιστικό των millennials," Είναι αναγκαίο να υπάρξει αλλαγή υποδείγματος στο ασφαλιστικό αλλά και σε πολλούς ακόμη τομείς της δημόσιας ζωής. Η εισαγωγή της ανταποδοτικότητας στις επικουρικές συντάξεις, η δημιουργία δηλαδή ενός ατομικού...","04.07.2021, 10:26"
Της Αλλοπάρ*," Οι συλλεκτικές, διασκεδαστικές και, γενικά, απολαυστικές εκπομπές στο ραδιόφωνο του ΣΚΑΪ.","03.07.2021, 06:00"
Τσίπρας: Νέα αρχή με στόχο τη νίκη απέναντι στη Δεξιά του κ. Μητσοτάκη," Λάβρος κατά της κυβέρνησης και του πρωθυπουργού ο Α. Τσίπρας, σημαίνοντας προσκλητήριο σε προεκλογικό αγώνα για να φύγει η κυβέρνηση της Ν.Δ.","02.07.2021, 21:31"
Γεννηματά: «Για την πανδημία δεν αρκεί η επικοινωνία»," Τον επικοινωνιακό τρόπο με τον οποίο επιλέγει η κυβέρνηση να διαχειρίζεται την πανδημία και σε αυτή τη φάση της στηλιτεύει το Κίνημα Αλλαγής, επισημαίνοντας ότι ο κίνδυνος και λόγω μεταλλάξεων παραμένει...","02.07.2021, 06:00"
"Ιδιος ο στόχος, αλλάζει μόνο ο τρόπος", Στόχος της Δεξιάς είναι η δημιουργία ενός καθεστώτος και ενός συστήματος που θα της επιτρέπει να ελέγχει την εξουσία ακόμη και εκτός κυβέρνησης.,"28.06.2021, 16:00"
Υποτιμώντας μέχρι θανάτου τη γυναίκα, Η ρίζα του κακού βρίσκεται στον τρόπο εγγραφής των φύλων στο γλωσσικό σύστημα γύρω από τον άξονα της πατριαρχικής εξουσίας.,"27.06.2021, 15:41"
Στην Ελλάδα το να ονομαστείς σκηνοθέτης θεωρείται προβιβασμός," Ερμηνεύει τον Οθέλλο στο έργο του Σέξπιρ, επικεφαλής ενός 11μελούς θιάσου που μόλις ξεκίνησε περιοδεία 45 παραστάσεων σ’ όλη την Ελλάδα.","27.06.2021, 11:12"
Από το ΔΝΤ στα εθνικά σφαγεία," Πέρασαν ήδη ακριβώς τριάντα χρόνια από τότε. Στις 25 Ιουνίου 1991 οι δύο βορειότερες (και πλουσιότερες) ομόσπονδες Δημοκρατίες της Γιουγκοσλαβίας, η Σλοβενία και η Κροατία, κήρυξαν την ανεξαρτησία τους.","27.06.2021, 10:33"
Η ανασυγκρότηση του ελληνικού αστισμού," Τα άτομα χωρίζονται σε φοβικά και τολμηρά, ικανά και ανίκανα, νικητές και ηττημένους... Ο νέος κόσμος δεν τους χωρά όλους. Καλεί όμως όλους να ανταγωνιστούν για μια θέση σ’ αυτόν.","27.06.2021, 09:50"
Φ. Γεννηματά: O κόσμος αλλάζει και αναζητάει νέες απαντήσεις," «Η κυβέρνηση της Νέας Δημοκρατίας, στη μέση της θητείας της, έχει βάλει τη συντηρητική της σφραγίδα σε όλους τους τομείς της κοινωνικής και οικονομικής ζωής», ανέφερε στην ομιλία της στο Ηράκλειο, κατά τη...","26.06.2021, 22:53"
Ξανα-ορίζοντας τη «γυναίκα», Αποτελεί υπόθεση όλης της κοινωνίας να σταθεί ενάντια στη λογική της ανάθεσης και καθεμία και καθένας να αποτελέσει μέρος της αναθεώρησης της αφετηριακής βάσης προσέγγισης του έμφυλου ζητήματος.,"25.06.2021, 16:00"
Η επιστροφή του «Μαυρογιαλουρισμού» στην εκπαίδευση," Το τελευταίο διάστημα έχουν γίνει καθημερινές οι καταγγελίες για τη λειτουργία διαφόρων ""δοτών"" Υπηρεσιακών Συμβουλίων, ΠΥΣΠΕ και ΠΥΣΔΕ σε αρκετές περιοχές, που επαναφέρουν μεθόδους οι οποίες ανήκουν σε άλλες...","25.06.2021, 14:31"
Η (αυτ)απάτη της ιδιωτικής σύνταξης, «Ασφαλιστική μεταρρύθμιση για τη νέα γενιά» είναι ο τίτλος για την ιδιωτικοποίηση της επικουρικής όλων των ασφαλισμένων απ'τις αρχές της επόμενης χρονιάς,"25.06.2021, 08:30"
"Μιχάλης, Κωστής, Αδωνις: μένουν ή φεύγουν;"," Στη δημοσκόπηση της ALCO για την τηλεόραση του OPEN έχουμε ορισμένα ενδιαφέροντα ευρήματα. Για παράδειγμα: Στο θέμα της ασφάλειας, που ήταν ένα από τα κεντρικά ζητήματα της Δεξιάς, η κυβέρνηση Μητσοτάκη δεν τα...","24.06.2021, 16:00"
Ηράκλειο: Ζητούν την ανάκληση των απολύσεων στα Jumbo," Την ανάκληση των απολύσεων έξι εργαζομένων που απολύθηκαν από το κατάστημα Jumbo του Ηρακλείου, ζητούν σωματεία εργαζομένων της Κρήτης.","24.06.2021, 12:24"
Eνα θερμό πολιτικό καλοκαίρι, Δέκα μέρες πριν από τη διεξαγωγή της προγραμματικής συνδιάσκεψης του ΣΥΡΙΖΑ-Π.Σ. συνεδρίασε χθες το Πολιτικό Συμβούλιο του κόμματος υπό τον Αλέξη Τσίπρα και λίγο πριν ο τελευταίος αναχωρήσει για το ταξίδι του...,"24.06.2021, 09:31"
Ορθολογισμός: το «φάρμακο» που προκαλεί φτώχεια," Φθονερή και ύπουλη λέξη ο εξορθολογισμός. Χωρίς να σημαίνει τίποτα, μπορεί να δικαιολογήσει και τις πιο θανατερές αποφάσεις.","23.06.2021, 16:00"
Έπλεξε το εγκώμιο σε τρεις αντιμεταρρυθμίσεις," «Κομβικές πρωτοβουλίες» χαρακτήρισε ο πρωθυπουργός τις τρεις αντιμεταρρυθμίσεις σε ασφαλιστικό, παιδεία και αστυνομία, κατά τη συνεδρίαση του υπουργικού συμβουλίου. Πυρ ομαδόν από την αντιπολίτευση.","23.06.2021, 15:54"
Αλ. Τσίπρας: Ο Κ. Μητσοτάκης ξεδιπλώνει τώρα την πραγματική του ατζέντα ," «Οι πληγές της κρίσης και του αποτυχημένου λοκντάουν ωστόσο, τόσο σε υγειονομικό επίπεδο όσο και σε οικονομικό και κοινωνικό, είναι παρούσες. Μεγαλύτερη πληγή είναι η διεύρυνση των ανισοτήτων» τόνισε στο...","23.06.2021, 14:45"
Ωρα Ευρώπης για τη Γεννηματά," Για ένα σημαντικό τριήμερο από αύριο μέχρι το Σάββατο, σε Βρυξέλλες και Βερολίνο παρουσία ομολόγων της από διάφορα σοσιαλιστικά κόμματα στην Ευρώπη, σοσιαλδημοκρατών πρωθυπουργών ή ηγετών που συμμετέχουν σε...","23.06.2021, 10:10"
Πλώρη για εργασιακό μεσαίωνα," Η Ν.Δ. ψήφισε μόνη της, απομονωμένη από όλα τα υπόλοιπα κόμματα και από την ελληνική κοινωνία, την κατάργηση του οκταώρου, τις απλήρωτες υπερωρίες, τις μειώσεις μισθών, την απελευθέρωση των απολύσεων ασχέτως...","23.06.2021, 06:00"
Αποδοκιμασία για το νομοσχέδιο Χατζηδάκη από τους πολίτες, Το αντεργατικό νομοσχέδιο της κυβέρνησης που έλαβε θετική ψήφο μόνο από το κυβερνών κόμμα δε συγκεντρώνει θετικές γνώμες από την κοινή γνώμη σύμφωνα με νέα δημοσκόπηση που είδε το φως της δημοσιότητας. Σύμφωνα...,"22.06.2021, 20:38"
Νομάδες," Η λέξη επανήλθε στην επικαιρότητα με αφορμή την αμερικανική ταινία «Η χώρα των νομάδων» (Κλόι Ζάο). Ενα φιλμ αποφλοιωμένο από διαλόγους, μόνο τα απαραίτητα λόγια.","22.06.2021, 16:00"
Δυστοπικό το μέλλον στην εκπαίδευση για την πλειονότητα των μαθητών," Η κυβέρνηση, την ίδια ώρα που υψώνει τείχη ανισότητας και αποκλεισμών στο εκπαιδευτικό σύστημα, την ίδια ακριβώς ώρα προσπαθεί να διαμορφώσει ένα εφιαλτικό εργασιακό μέλλον για τους αποφοίτους του.","22.06.2021, 11:49"
Προεκλογικό καλοκαίρι στο ΚΙΝ.ΑΛΛ.," Αυξάνεται η εσωκομματική δραστηριότητα των επίδοξων διεκδικητών της ηγεσίας στη Χαριλάου Τρικούπη, οι οποίοι σχεδιάζουν τα επόμενα βήματά τους για την ανοιχτή ψηφοφορία στο τέλος του 2021.","22.06.2021, 11:23"
Όταν το ΥΠΑΙΘ εξαφανίζει 1.915 οργανικές θέσεις ποιο είναι το επόμενο βήμα;, Στις 2 Ιουνίου 2021 διδάχθηκε το μάθημα της Κοινωνιολογίας για τελευταία φορά στα Λύκεια της χώρας καθώς αυτό καταργήθηκε μετά από 39 χρόνια ανελλιπούς παρουσίας (από το 1982-'83).,"19.06.2021, 13:12"
Η «αμπρακατάμπρα» οδηγεί την ανάπτυξη της οικονομίας," Το «δικαίωμα όλων», σύμφωνα με την κυβερνητική σύλληψη, είναι μάλλον προνόμιο του ΣΕΒ και των λοιπών εργοδοτικών ενώσεων και λιγότερο δικαίωμα των εργαζομένων και των συναφών εργατικών ενώσεων.","18.06.2021, 16:00"
Η πραγματική μάχη τώρα αρχίζει," Μετά την ψήφιση του αντεργατικού νομοσχεδίου και όσα φαίνεται πως θα ακολουθήσουν γύρω από αυτό, ο ΣΥΡΙΖΑ - Π.Σ. εκτιμά πως η κυβέρνηση θα συνεχίσει να ξεδιπλώνει νεοφιλελεύθερες πολιτικές και ετοιμάζεται για...","18.06.2021, 12:07"
Χατζηδάκιαμ’ Μητσοτάκιαμ’ εσείς τρώτε και πίνετε!," Το εργασιακό περιβάλλον έχει αλλάξει δραματικά, και σήμερα μάλλον ζούμε την εποχή των παγετώνων για τα εργασιακά δικαιώματα. Η σημερινή κυβέρνηση συνεχίζει με συνέπεια την πολιτική της τρόικας, ολοκληρώνοντας...","17.06.2021, 16:00"
Γυναικείες οργανώσεις διαψεύδουν τον πρωθυπουργό ότι συμφώνησαν με το αντεργατικό ν/σ," Σχεδόν 20 οργανώσεις και συλλογικότητες διαψεύδουν τον πρωθυπουργό ότι συμφωνούν με το περιεχόμενο του εργασιακού νομοσχεδίου, τονίζοντας ότι δεν κλήθηκαν σε διαβούλευση και ότι είχαν ζητήσει την απόσυρσή του.","17.06.2021, 08:57"
Ποιο το παλιό και ποιο το νέο, Το νέο που ευαγγελίζεται η αμετανόητη Ν.Δ είναι τουλάχιστον δύο αιώνων. Eίναι η ρεβάνς της Δεξιάς για τις κατακτήσεις της μεταπολίτευσης,"17.06.2021, 08:45"
Επιστροφή στον εργασιακό μεσαίωνα," Με γαλάζιο στυλό υπογράφηκε χθες στη Βουλή η παρωχημένη νεοφιλελεύθερη σελίδα που εισάγει στον εργασιακό χώρο ο νόμος Χατζηδάκη, με τον πρωθυπουργό να μιλά προκλητικά στη Βουλή για «αναγέννηση» και τους...","17.06.2021, 06:00"
«Στα κάγκελα» και οι Ιατροί Εργασίας," Η πρόληψη της βίας και της παρενόχλησης στην εργασία, συμπεριλαμβανομένης της σεξουαλικής παρενόχλησης, αλλά και η ένταξη και επανένταξη ατόμων που υφίστανται διακρίσεις ή είναι θύματα βίας και παρενόχλησης,...","17.06.2021, 06:00"
Βροντερό «όχι» σε... δύο δόσεις," Ξανά στους δρόμους βρέθηκε χθες ο κόσμος της εργασίας, που είπε ακόμη ένα ηχηρό «όχι» στο αντεργατικό νομοσχέδιο Χατζηδάκη.","17.06.2021, 06:00"
"Ταφόπλακα σε οκτάωρο, απεργία και διεκδικήσεις με τη βούλα της Ν.Δ."," Κυβέρνηση και Ν.Δ. έκλεισαν τα αυτιά στις διαμαρτυρίες, επιβεβαιώνοντας ότι, όπως και το έκτρωμα Χατζηδάκη, δεν είναι στην πλευρά των εργαζομένων.","16.06.2021, 22:11"
Κρήτη: Στους δρόμους ενάντια στο νέο εργασιακό νομοσχέδιο, Συγκεντρώσεις και πορείες πραγματοποιήθηκαν από το πρωΐ της Τετάρτης σε όλες τις πόλεις της Κρήτης στο πλαίσιο της 24ωρης απεργίας.,"16.06.2021, 19:24"
Ερωτηματικά από την παρέμβαση του Υπερταμείου για την απεργία στα ΜΜΜ," Το Υπερταμείο δεν επιλέγει να προσφύγει στη Δικαιοσύνη, αλλά μιλά αορίστως για την «ανάγκη» διαλόγου «για τη διασφάλιση του δικαιώματος όλων των πολιτών στη χρήση των δημόσιων μέσων».","16.06.2021, 19:13"
Όλη τη μέρα στους δρόμους οι εργαζόμενοι: Βροντερό «όχι» στο έκτρωμα Χατζηδάκη," Όλη την ημέρα στον δρόμο βρίσκονται οι εργαζόμενοι, αντιδρώντας στο κατάπτυστο νομοσχέδιο του υπουργείου Εργασίας, που ξηλώνει εργασιακά δικαιώματα κατακτημένα με αίμα και αγώνες.","16.06.2021, 18:33"
Βαρουφάκης: «Θα σας πολεμήσουμε σε κάθε γωνιά της χώρας»," Μήνυμα «πολέμου» έστειλε στην κυβέρνηση της Νέας Δημοκρατίας, τον πρωθυπουργό και τον υπουργό Εργασίας, Κωστή Χατζηδάκη, ο γραμματέας του ΜέΡΑ25 Γιάνης Βαρουφάκης, με αφορμή το εργασιακό νομοσχέδιο.","16.06.2021, 18:21"
Κουτσούμπας: Το έκτρωμά σας θα μείνει στα χαρτιά," Σε πολύ υψηλούς τόνους κατά της κυβέρνησης της Ν.Δ. ήταν η ομιλία του Γ.Γ. του ΚΚΕ, Δημήτρη Κουτσούμπα, στην Ολομέλεια, αναφερόμενος στο εργασιακό νομοσχέδιο.","16.06.2021, 18:08"
Φουλ επίθεση κατά Μητσοτάκη – Ανυποχώρητος και προκλητικός ο πρωθυπουργός, Σύγκρουση εκτός ορίων στη Βουλή για το αντεργατικό νομοσχέδιο. Αρνητικός πρωταγωνιστής ο πρωθυπουργός. Ονομαστική ψηφοφορία το βράδυ.,"16.06.2021, 18:01"
Φώφη Γεννηματά: Το ν/σ απαιτεί από τον εργαζόμενο να σκύψει το κεφάλι," Άλλο ένα παράδειγμα της συντηρητικής πολιτικής της κυβέρνησης χαρακτήρισε το ν/σ Χατζηδάκη η επικεφαλής του ΚΙΝ.ΑΛΛ. «Κανείς δεν δικαιούται να σιωπήσει ή να κρυφτεί, μπροστά σε αυτές τις εξελίξεις», τόνισε.","16.06.2021, 13:42"
«Ωδή» στις απεργοκτόνες διατάξεις από τον πρωθυπουργό ," Ο Κυριάκος Μητσοτάκης κατασυκοφάντησε το απεργιακό κίνημα επιβεβαιώνοντας το όραμα της κυβέρνησής του: Το δικαίωμα στην απεργία είναι ιερό, αρκεί να μην ασκείται.","16.06.2021, 13:02"
Εκδηλώσεις του ΚΕΘΕΑ Αριάδνη στην Κρήτη για την Παγκόσμια Ημέρα κατά των Ναρκωτικών," Εκδηλώσεις με αφορμή τον εορτασμό της Παγκόσμιας Ημέρας κατά των Ναρκωτικών, πραγματοποιεί το ΚΕΘΕΑ Αριαδνη στην Κρήτη.","16.06.2021, 12:54"
"«Σε μια υπερ-ευέλικτη αγορά, οι εργαζόμενοι θα “βράζουν στο ίδιο καζάνι”»", Η Μαρία Καραμεσίνη είναι καθηγήτρια Οικονομικών της Εργασίας και της Κοινωνικής Πολιτικής και πρόεδρος της Επιτροπής Ισότητας των Φύλων του Παντείου...,"16.06.2021, 11:42"
Μεγάλες συγκεντρώσεις για το αντεργατικό νομοσχέδιο , Άλλη μια «μάχη» κόντρα στο νομοσχέδιο Χατζηδάκη δίνουν συνδικάτα και εργαζόμενοι. Μεγάλη η συμμετοχή στα πρωινά ενώ ακολουθούν τα απογευματινά.,"16.06.2021, 11:16"
"Υπουλη μεθόδευση, μπόλικη υποκρισία", Ηταν τουλάχιστον υποκριτικό από πλευράς υπουργού Παιδείας να σπεύσει να καταθέσει κατεπείγουσα αγωγή (!) κατά όλων όσοι προκήρυξαν για σήμερα απεργία με το πρόσχημα ότι διαταράσσεται η διαδικασία των...,"16.06.2021, 10:36"
Η ώρα των πολιτικών αρχηγών [LIVE], Κορυφώνεται η αντιπαράθεση για το εργασιακό έκτρωμα που φέρνει με μορφή νομοσχεδίου η κυβέρνηση. Στους δρόμους οι εργαζόμενοι.,"16.06.2021, 09:19"
Το ΚΙΝ.ΑΛΛ. κορυφώνει την επίθεση κατά Ν.Δ.," Με τη σημερινή ομιλία που αναμένεται να πραγματοποιήσει στη Βουλή, η Φώφη Γεννηματά πρόκειται να κορυφώσει την επίθεσή της απέναντι στην κυβέρνηση για τα εργασιακά, ένα ζήτημα για το οποίο το Κίνημα Αλλαγής...","16.06.2021, 06:00"
Χαριστική βολή στο 8ωρο με τη βούλα της Ν.Δ.," Από την κυβερνητική πλειοψηφία και μόνον αναμένεται να διασωθεί το εργασιακό νομοσχέδιο στη Βουλή, αφού σύσσωμη η αντιπολίτευση θα καταψηφίσει απόψε τις «εκτρωματικές» διατάξεις που βάζουν στο στόχαστρο...","16.06.2021, 06:00"
«Απρέπεια» Κεγκέρογλου στη Βουλή και απάντηση Ξενογιαννακοπούλου," Σφοδρή αντιπαράθεση πυροδότησε ο τρόπος που αναφέρθηκε ο γραμματέας του Κινήματος Αλλαγής, Βασίλης Κεγκέρογλου στην πρόταση νόμου του ΣΥΡΙΖΑ για τα οικονομικά των κομμάτων, μιλώντας νωρίτερα στην ολομέλεια.","15.06.2021, 23:26"
Σφυροκόπημα από την αντιπολίτευση στο αντεργατικό νομοσχέδιο," Τα πυρά της αντιπολίτευσης συγκεντρώνει για δεύτερη ημέρα, στην Ολομέλεια της Βουλής, το νομοσχέδιο του υπουργού Εργασίας που πλήττει καίρια εργασιακά κεκτημένα.","15.06.2021, 21:05"
Πώς θα κινηθούν την Τετάρτη τα Μέσα Μαζικής Μεταφοράς, Σε τροποποίηση του απεργιακού προγράμματος προχώρησαν οι εργαζόμενοι στις συγκοινωνίες μετά την αγωγή Κεραμέως σε ΑΔΕΔΥ και ΕΚΑ για τις κινητοποιήσεις σε ημέρα Πανελλαδικών εξετάσεων.,"15.06.2021, 18:38"
Παράνομη κρίθηκε η αυριανή απεργία των ναυτεργατικών σωματείων," Παράνομη κρίθηκε από το Μονομελές Πρωτοδικείο Πειραιά (αρ.απόφασης 544/2021) η αυριανή νέα 24ωρη πανελλαδική απεργία σε όλες τις κατηγορίες πλοίων, που έχουν εξαγγείλει τα 13 ναυτεργατικά σωματεία, αντιδρώντας...","15.06.2021, 18:24"
Πρωτοβουλία για την Υπεράσπιση της Εργασίας," Κοινωνιολόγοι, ανθρωπολόγοι, πολιτικοί επιστήμονες, οικονομολόγοι, ιστορικοί, παίρνουν θέση και σκιαγραφούν τις ζοφερές επιπτώσεις των διατάξεων του νομοσχεδίου.","15.06.2021, 17:47"
Στην επίθεση κατά Μενδώνη ο Τσίπρας για το Ταμείο Αλληλοβοήθειας," Με τους απολυμένους του Ταμείου Αλληλοβοήθειας του υπουργείου Πολιτισμού συναντήθηκε ο αρχηγός της αξιωματικής αντιπολίτευσης, κάνοντας λόγο για εκδικητική συμπεριφορά από τη Λίνα Μενδώνη. ","15.06.2021, 17:02"
4ωρη στάση εργασίας την Τετάρτη σε όλα τα ΜΜΕ," Τα Διοικητικά Συμβούλια των Συνεργαζόμενων Ενώσεων στο χώρο του Τύπου και των ΜΜΕ αποφάσισαν να στηρίξουν τις πρωτοβουλίες των Εργατικών Κέντρων και Ομοσπονδιών σ’ όλη τη χώρα (ΓΣΕΕ – ΑΔΕΔΥ), με 4ωρη στάση...","15.06.2021, 16:42"
Για τον δημοκρατικό δρόμο - ξανά," Το περιβόητο εργασιακό νομοσχέδιο που κατεβάζει η κυβέρνηση στη Βουλή, αλλά και οι αντιπολιτευτικοί και συνδικαλιστικοί αγώνες ενάντια σε αυτό, αποκαλύπτουν μεταξύ άλλων μια αλήθεια της σύγχρονης ιστορίας. Οι...","15.06.2021, 16:00"
"Ο Χατζηδάκης, οι εργατοπατέρες, οι εργοδότες"," Bροντοφώναξε, απευθυνόμενος στο αντίπαλο «ακροατήριο» της Βουλής, ο φιλελεύθερος υπουργός Εργασίας Κωστής Χατζηδάκης, χωρίς ντροπή και με μεγάλη ασέβεια προς την ελληνική ιστορία: «Εσείς είστε με τους...","15.06.2021, 16:00"
"Αλλαγές στα ΜΜΜ για την αυριανή απεργία, ένεκα πανελλαδικών"," Κατά τη συζήτηση στο Μονομελές Πρωτοδικείο της προσφυγής Κεραμέως, εκπρόσωποι της ΑΔΕΔΥ επιβεβαίωσαν ότι τροποποιούνται και οι κινητοποιήσεις στις αστικές συγκοινωνίες.","15.06.2021, 15:04"
Live η συζήτηση του νόμου-οδοστρωτήρα για τα εργασιακά στην Ολομέλεια ," Σφοδρά πυρά κατά της κυβέρνησης εξαπολύουν για δεύτερη μέρα οι βουλευτές σύσσωμης της αντιπολίτευσης, για πρώτη φορά σε ένα κοινό μέτωπο τη διετία Μητσοτάκη, κατά τη συζήτηση του εκτρωματικού νομοσχεδίου στην...","15.06.2021, 13:26"
Ν.Δ.: Ανακοίνωση-μνημείο κυνισμού ενάντια στην αυριανή απεργία," Απίστευτος ο κυνισμός της κυβέρνησης που επικρίνει την αυριανή απεργία, μιλά για «βασανιστήρια» πολιτών και καλεί μάλιστα τον ΣΥΡΙΖΑ και το ΚΚΕ να τοποθετηθούν απέναντι.","15.06.2021, 09:22"
Επιστροφή του ΝΑΤΟ στις... ρίζες του - Ψυχρός πόλεμος στις δαπάνες, Ψυχρός πόλεμος στις δαπάνες / Μετωπική σύγκρουση για το εργασιακό ν/σ / Noor One: Εισαγγελέας καλεί Μαρινάκη και συνεργάτες / Οι Propatria στα χνάρια της Χρυσής Αυγής / Τρίτη και φαρμακερή δίωξη για τον Δ....,"15.06.2021, 07:39"
Ανήσυχη η ΕΕΔΑ για το εργασιακό νομοσχέδιο," Αν και επί της αρχής η κύρωση της Διεθνούς Σύμβασης Εργασίας 190 για τη βία και την παρενόχληση στην εργασία αποτιμάται θετικά από την Εθνική Επιτροπή για τα Δικαιώματα του Ανθρώπου, το κείμενο που...","15.06.2021, 06:00"
Στα χαρακώματα για τον εργασιακό μεσαίωνα," Μύδροι από ΣΥΡΙΖΑ, ΚΙΝ.ΑΛΛ., ΚΚΕ, ΜέΡΑ25, Ελληνική Λύση, για κυβερνητική εμμονή σε αποτυχημένες νεοφιλελεύθερες συνταγές τύπου Θάτσερ και για προκλητική εξυπηρέτηση των συμφερόντων της εργοδοσίας.","15.06.2021, 06:00"
Ανήσυχη η Εθνική Επιτροπή για τα Δικαιώματα του Ανθρώπου για το εργασιακό νομοσχέδιο," Η Εθνική Επιτροπή εντοπίζει ασάφειες, παραλείψεις και αντιφάσεις και υπογραμμίζει ότι δεν καλύπτονται όλοι οι τομείς στους οποίους παρέχεται εργασία.","14.06.2021, 22:26"
Τσίπρας: Δεν θα αφήσουμε σε χλωρό κλαρί τον κ. Μητσοτάκη και την κυβέρνησή του, Ο πρόεδρος του ΣΥΡΙΖΑ μίλησε για γραμμάτιο σε αυτούς που στήριξαν τον κ. Μητσοτάκη και επανέλαβε ότι μια προοδευτική κυβέρνηση θα ανατρέψει το αντεργατικο ν/σ.,"14.06.2021, 20:55"
Ζεσταίνουν τις μηχανές τους τα συνδικάτα , Με 24ωρη απεργία απαντά στο αντεργατικό νομοσχέδιο Χατζηδάκη η ΑΔΕΔΥ. Στάση εργασίας αποφάσισαν ΓΣΕΕ και ΕΚΑ.,"14.06.2021, 16:12"
Γυναικεία γονιμότητα: οδηγίες χρήσης," Το θρησκευτικό και ιατρικό ιερατείο, εκπροσωπούμενα από άνδρες που θεωρούν ότι αυτονοήτως φέρουν τη σχετική δικαιοδοσία, αποφάσισαν να συνεδριάσουν για τη γυναικεία γονιμότητα.","14.06.2021, 16:00"
Είμαστε απέναντι," Εργασιακό νομοσχέδιο που ελαστικοποιεί το ωράριο, παραπέμποντας το 8ωρο στην άνιση ατομική διαπραγμάτευση μεταξύ εργοδότη και εργαζόμενου.","14.06.2021, 16:00"
Γεννηματά: Η κυβέρνηση στηρίζει μόνο τα μεγάλα ιδιωτικά συμφέροντα, Κατά την επίσκεψή της στην ΕΑΒ η πρόεδρος του Κινήματος Αλλαγής κατηγόρησε εκ νέου την κυβέρνηση πώς με το εργασιακό νομοσχέδιο εξυπηρετεί τα μεγάλα ιδιωτικά συμφέροντα.,"14.06.2021, 15:37"
"«Με ρεπά, δεν γίνονται παιδιά»", Το σύνθημα το «αλιεύσαμε» από τα social media και είναι πραγματικότητα πως με λίγες λέξεις περιγράφει εύστοχα τις δικαιολογημένες αντιδράσεις που προκάλεσε το αναχρονιστικό συνέδριο γονιμότητας που τελικά...,"14.06.2021, 14:30"
Νέα απεργία - 16 Ιουνίου - από τα ναυτεργατικά σωματεία," Αναμένεται η στάση που θα κρατήσουν αυτή τη φορά οι ακτοπλόοι (ΣΕΕΝ) και εάν θα προσφύγουν στη δικαιοσύνη όπως έκαναν και στις προηγούμενες απεργιακές κινητοποιήσεις, ζητώντας να κηρυχτούν «παράνομες και...","14.06.2021, 13:05"
Ν. Φίλης για συνέδριο γονιμότητας και εργασιακό ν/σ Χατζηδάκη, Σκληρή κριτική στο νομοσχέδιο Χατζηδάκη για τα εργασιακά που συζητείται στη βουλή εξαπέλυσε ο τομεάρχης Παιδείας του ΣΥΡΙΖΑ-Π.Σ. Νίκος Φίλης.,"14.06.2021, 12:29"
ΑΔΕΔΥ: 24ωρη απεργία στις 16 Ιουνίου ," Η Εκτελεστική Επιτροπή της ΑΔΕΔΥ, αφού έλαβε υπόψη της τις προτάσεις-αποφάσεις ομοσπονδιών και νομαρχιακών τμημάτων, μετατρέπει τη στάση εργασίας της 16ης Ιουνίου σε 24ωρη απεργία την ίδια μέρα, αντιδρώντας...","14.06.2021, 11:14"
Στην Ολομέλεια η μεγάλη αναμέτρηση για την εργασία [LIVE] , Στη Βουλή το εργασιακό νομοσχέδιο που φέρει τη σφραγίδα του Κωστή Χατζηδάκη και έχει δικαίως χαρακτηριστεί «έκτρωμα».,"14.06.2021, 09:37"
"Γραβάτες, ιεράρχες, Ομογένεια, τουρισμός και υπογεννητικότητα ", Πριν ακόμα ξεκινήσει έχει ουσιαστικά αν όχι και τυπικά τιναχτεί στον αέρα το φιλόδοξο «1ο Πανελλήνιο Συνέδριο Γονιμότητας και Αναπαραγωγικής Αυτονομίας: Ορια και Επιλογές».,"14.06.2021, 08:40"
Ακονίζουν τα ξίφη τους στο ΚΙΝ.ΑΛΛ., Για μία εβδομάδα κοινοβουλευτικών μαχών και σύγκρουσης με την κυβέρνηση με επίκεντρο το νομοσχέδιο για τα εργασιακά που ψηφίζεται στην Ολομέλεια την Τετάρτη προετοιμάζονται στο Κίνημα Αλλαγής.,"14.06.2021, 06:30"
Νέα απεργία από τους ναυτεργάτες στις 16 Ιουνίου," Αποφασισμένοι να συνεχίσουν τις κινητοποιήσεις τους διατρανώνοντας την αντίθεσή τους στο εργασιακό νομοσχέδιο εμφανίζονται οι ναυτεργάτες, παρά τις δυο προσφυγές στη Δικαιοσύνη που κατέθεσαν κατά των δυο...","14.06.2021, 06:00"
Σε θέση μάχης για τα εργασιακά, Θέσεις μάχης παίρνει από σήμερα στη Βουλή ο ΣΥΡΙΖΑ - Π.Σ. εν όψει της συζήτησης στην Ολομέλεια του εργασιακού νομοσχεδίου της κυβέρνησης.,"14.06.2021, 06:00"
Ξεκινάει στη Βουλή η μάχη για το αντεργατικό νομοσχέδιο," Κατά της επιστροφής σε εργασιακό μεσαίωνα, σύσσωμη η αντιπολίτευση • Σοβαρές ενστάσεις διατυπώνει η Επιστημονική Υπηρεσία της Βουλής.","13.06.2021, 23:02"
"Εξωστρέφεια και οργανώσεις βάσης παντού, το επόμενο βήμα για το ΜέΡΑ25"," Την ανάγκη καλύτερης οργάνωσης των αποδήμων του ΜέΡΑ25, ίδρυσης και δημιουργίας νέων οργανώσεων βάσης παντού, καθώς και μεγαλύτερης εξωστρέφειας του κόμματος επισήμανε ο επικεφαλής του, Γιάνης Βαρουφάκης.","13.06.2021, 21:53"
Μαύρη τρύπα στα σχολεία με τα τεράστια κενά εκπαιδευτικών," Από το 2010 οι συνολικές αποχωρήσεις των εκπαιδευτικών από όλη την εκπαίδευση ξεπερνούν κατά πολύ τις 46.000, ενώ μέσα στην τελευταία πενταετία οι προσλήψεις αναπληρωτών αυξήθηκαν κατά 156%.","13.06.2021, 17:35"
Τα συνδικάτα απέδειξαν ότι παραμένουν όρθια, Το εργασιακό νομοσχέδιο στο «εδώλιο». Ηχηρό «όχι» από κοινωνία και αντιπολίτευση. Οι πολιτικοί αρχηγοί μιλούν στην «Εφ.Συν.»,"13.06.2021, 14:01"
Να ξεσκονίσω τον θρόνο σου;," Για να τελειώνουμε και μάλιστα εξαρχής: οι «δολοφόνοι» είμαστε εμείς. Μήτε οι τράπεζες μήτε οι κυβερνήσεις μήτε ο κακός θεούλης που μας μισεί. Εμείς. Αυτά, για να τελειώνουμε και μάλιστα εξαρχής.","13.06.2021, 11:00"
Ηλιόπουλος: Με εντολή Μητσοτάκη η φίμωση Τσίπρα στη Βουλή," Για «βαθύτατα φοβισμένη κυβέρνηση» κάνει λόγο ο εκπρόσωπος του ΣΥΡΙΖΑ-ΠΣ, τονίζοντας ότι ο πρωθυπουργός ενοχλήθηκε από το θέμα της ερώτησης του Αλέξη Τσίπρα, που ήταν τα δάνεια των κομμάτων.","12.06.2021, 19:27"
Ο δρόμος δίνει ώθηση στον ΣΥΡΙΖΑ," Οι επιθέσεις του Αλέξη Τσίπρα στον Κυριάκο Μητσοτάκη έχουν ενταθεί το τελευταίο διάστημα. Ολο και πιο συχνά ο αρχηγός της αξιωματικής αντιπολίτευσης βάζει στο κάδρο των ευθυνών τον πρωθυπουργό, κατηγορώντας...","12.06.2021, 16:10"
Ουραγοί στην ποιότητα απασχόλησης," Η Ελλάδα έχει τη χειρότερη επίδοση ως προς την ποιότητα της απασχόλησης στην Ε.Ε. και γι' αυτό σημαντικός παράγοντας αναδεικνύεται ο εβδομαδιαίος χρόνος εργασίας, τον οποίο τώρα επιχειρεί να παρατείνει η...","12.06.2021, 14:05"
Η σύγκρουση δύο κόσμων," Αν συγκρίνει κανείς όσα λένε τα κυβερνητικά στελέχη στους βολικούς μονολόγους τους σε πρόθυμα μέσα ενημέρωσης, τα οποία πρόσφεραν βήμα ακόμη και την...","12.06.2021, 09:15"
Ηχηρό «Όχι» από κοινωνία και αντιπολίτευση στο εργασιακό νομοσχέδιο," Το Θέμα της «Εφ.Συν.»: Το νομοσχέδιο-οδοστρωτήρας της Ν.Δ. και η απάντηση των εργαζομένων • Διεθνή: Τι γυρεύει ο Μπάιντεν από Ευρωπαίους και Τούρκους • Συνεντεύξεις: Γιάννα Αγγελοπούλου - Δασκαλάκη, Τάκης...","12.06.2021, 08:09"
«Οχι» από την Ενωση Δικαστών και Εισαγγελέων στο νέο εργασιακό νομοσχέδιο, Την αντίθεσή της στο νέο εργασιακό νομοσχέδιο εκφράζει η Ενωση Δικαστών και Εισαγγελέων με μια σημαντική παρέμβαση με την οποία τονίζει ότι πρόκειται για «σημαντική θεσμική οπισθοδρόμηση και θα διευρύνει την...,"12.06.2021, 06:00"
Το ΚΚΕ χαιρετίζει την απεργιακή κινητοποίηση και καλεί σε νέες μάχες," Σε κλιμάκωση του αγώνα για «να πεταχτεί στα σκουπίδια» το εργασιακό νομοσχέδιο Χατζηδάκη, καλεί το ΚΚΕ, με νέες, πιο μαζικές απεργιακές μάχες και συγκεντρώσεις.","11.06.2021, 13:20"
Κυρανάκης: Θα μπορείτε τώρα να δουλεύετε υπερωρίες για να πάτε στον γιατρό," Αδιανόητα επιχειρήματα για ακόμη μια φορά από τον βουλευτή της Ν.Δ., ο οποίος είτε αγνοεί πλήρως τα ισχύοντα εργασιακά δικαιώματα ή αδιαφορεί παντελώς για αυτά.","11.06.2021, 13:10"
Συλλαλητήρια και στην Κρήτη - Μαζικό ΟΧΙ στο νέο εργασιακό νομοσχέδιο," Με μεγάλη συμμετοχή και με βασικό αίτημα την απόσυρση του νέου εργασιακού νομοσχεδίου του Υπουργείου Εργασίας, πραγματοποιήθηκαν την Πέμπτη τα συλλαλητήρια στην Κρήτη στο πλαίσιο της 24ωρης απεργίας της 10ης...","11.06.2021, 09:41"
Στο Πειθαρχικό στέλνει η ΕΣΗΕΑ τους απεργοσπάστες του ΣΚΑΪ," Tον Γενικό Διευθυντή Ενημέρωσης του ΣΚΑΪ, Βασίλη Παπαδρόσο, και τον δημοσιογράφο, Νίκο Υποφάντη, παραπέμπει η ΕΣΗΕΑ και ζητά τη διερεύνηση τυχόν άλλων υπευθύνων","11.06.2021, 07:50"
Ο εργασιακός χρόνος ως αφαίρεση," Η τάση της εκμετάλλευσης των εργαζομένων ανά τους χρόνους αμβλύνθηκε μέσα από τις συλλογικές διεκδικήσεις των οργανώσεών τους και μέσα από τους, συχνά αιματηρούς, αγώνες τους.","11.06.2021, 06:30"
Η αρχαία πολιτική και το νομοσχέδιο, Το νομοσχέδιο για την εργασία αντί να βελτιώνει επιδεινώνει σχεδόν θανάσιμα το εργασιακό πλαίσιο και στην ουσία το σμπαραλιάζει.,"11.06.2021, 06:30"
Με μια φωνή: «Κάτω τα χέρια από το 8ωρο»," Εργαζόμενοι, φοιτητές, συνταξιούχοι, ιδιωτικοί και δημόσιοι υπάλληλοι βγήκαν στους δρόμους για να διαδηλώσουν την αντίθεσή τους στο εργασιακό νομοσχέδιο που προωθεί η κυβέρνηση και ο υπουργός Εργασίας, Κωστής...","11.06.2021, 06:23"
To αντεργατικό έκτρωμα Χατζηδάκη στο στόχαστρο κοινωνίας και αντιπολίτευσης," Συντονισμένη απεργιακή αντίδραση, πλημμυρίδα συλλαλητηρίων σε όλη τη χώρα / Οι «αόρατες» διατάξεις του νομοσχεδίου / Υγειονομικός εργασιακός μεσαίωνας / Πρύτανης πρόθυμος για όλα","10.06.2021, 05:20"
Η αντεργατική... κουρελού του Χατζηδάκη," Πλήθος δυσμενών διατάξεων καταργούν εργασιακά δικαιώματα, μειώνουν τις απολαβές και διευκολύνουν τις απολύσεις με το νέο αντεργατικό νομοσχέδιο.","10.06.2021, 05:15"
«Αντιμεταρρύθμιση του αιώνα», Σχεδόν ούτε έναν υπερασπιστή δεν βρήκε το εργασιακό νομοσχέδιο Χατζηδάκη στη χθεσινή «φαστ τρακ» ακρόαση των φορέων στην αρμόδια επιτροπή της Βουλής....,"10.06.2021, 05:15"
"Εμβολιαστείτε, αλλιώς απολύεστε", Η κυβέρνηση επιστρατεύει ευθέως την απειλή της εργοδοτικής αυθαιρεσίας και τρομοκρατίας για τους εργαζόμενους που δεν επιθυμούν να εμβολιαστούν κατά του κορονοϊού.,"10.06.2021, 05:15"
Η efsyn.gr συμμετέχει στην 24ωρη απεργία, Η ιστοσελίδα μας δεν θα μεταδίδει ειδήσεις από τις 05.30 της Πέμπτης έως τις 05.30 της Παρασκευής συμμετέχοντας στην απεργία που κήρυξε η ΕΣΗΕΑ.,"10.06.2021, 00:33"
Η ΚΟΕ για την απεργία ενάντια στο νέο εργασιακό νομοσχέδιο," «Απλήρωτες υπερωρίες, δουλειά τις Κυριακές, ωράρια και εργαζόμενοι λάστιχο. Απελευθέρωση απολύσεων και εργοδοτική αυθαιρεσία. Υποβάθμιση των δημόσιων ελεγκτικών μηχανισμών. Απαξίωση του συνδικαλισμού ως μέσου...","10.06.2021, 00:27"
"Τέλος Ιουνίου, λένε τώρα, οι εμβολιασμοί κατ' οίκον- Ανοίγουν 420.000 νέα ραντεβού ", Ο υπουργός είπε ότι ο εμβολιασμός των κατάκοιτων πολιτών θα γίνει με τη συμμετοχή ιδιωτών γιατρών και με το μονοδοσικό εμβόλιο της Johnson & Johnson.,"09.06.2021, 20:41"
ΣΥΡΙΖΑ: Δεσμευόμαστε ότι θα καταργηθεί το ν/σ Χατζηδάκη, «Τηλεπωλητή απλήρωτων 10ώρων» χαρακτήρισε τον υπουργό Εργασίας ο Ν. Ηλιόπουλος. «Ανοίγετε τον ασκό του Αιόλου» προειδοποίησε στη Βουλή ο Π. Σκουρλέτης.,"09.06.2021, 19:38"
Εργασιακό νομοσχέδιο: Σφυροκόπημα στη Βουλή από τους φορείς , Ακρόαση φορέων περιλαμβάνει η δεύτερη μέρα συζήτησης του αντεργατικού νομοσχεδίου Χατζηδάκη. Το νομοσχέδιο που εισάγεται την άλλη εβδομάδα στην ολομέλεια της Βουλής φιλοδοξεί να ξηλώσει και τα τελευταία...,"09.06.2021, 18:18"
Διαφοροποίηση του Οικονομικού Επιμελητηρίου για το αντεργατικό νομοσχέδιο , Ο πρόεδρος του Οικονομικού Επιμελητηρίου Ελλάδας Κωνσταντίνος Κόλλιας ζήτησε την ανάκληση της διάταξης για τη διευθέτηση του χρόνου εργασίας με ατομικές συμβάσεις και την κατάργηση της διάταξης για υπερωρίες...,"09.06.2021, 16:36"
"Αποδομούν τις εργασιακές σχέσεις, επιβάλλουν εργασιακό μεσαίωνα"," Ποιος ο λόγος να θελήσουν οι νέες και οι νέοι μας να εργαστούν σ’ ένα περιβάλλον που προάγει την εξουθενωτική και απλήρωτη εργασία με μειωμένες αποδοχές; Χαμένοι και οι άνεργοι, διότι το νομοσχέδιο ουσιαστικά...","09.06.2021, 16:00"
Εσάς τι σας νοιάζει;, Μας νοιάζει γιατί το Δημόσιο δεν είναι πια ο «ασφαλής εργασιακός τόπος» με τις καλές εργασιακές σχέσεις και τους υψηλούς μισθούς. Μας νοιάζει γιατί το νομοσχέδιο καθιστά το δικαίωμα συνδικαλιστικής δράσης...,"09.06.2021, 16:00"
Ο τουρισμός κατάπιε την αυτάρκεια," Το πολιτικό σύστημα, προσφέροντας «χάντρες και καθρεφτάκια» στους πολλούς, εξασφάλισε την ολοκληρωτική εξάρτηση του τόπου από τους προμηθευτές του τουριστικού «φορτίου» και από τους κατόχους του χρέους.","09.06.2021, 16:00"
Ενοχλεί τη Ν.Δ. η απλή αναλογική στα σωματεία συνταξιούχων," Για κάποια στελέχη της Νέας Δημοκρατίας δεν αρκεί η κατάργηση του εκλογικού συστήματος της απλής αναλογικής από την Τοπική Αυτοδιοίκηση με τον νόμο Βορίδη. Θέλουν να την ξηλώσουν από παντού, ακόμη και από τα...","09.06.2021, 14:35"
Βουλή: Πυρά ΓΣΕΒΕΕ-ΕΚΑ κατά του εργασιακού εκτρώματος Χατζηδάκη," Συντονισμένα πυρά από ΓΣΕΒΕΕ και ΕΚΑ κατά του νομοσχεδίου Χατζηδάκη, με αιχμή τις συλλογικές συμβάσεις εργασίας, τις υπερωρίες, αλλά και το δικαίωμα στην απεργία.","09.06.2021, 13:19"
ΠΑΜΕ: Το αντεργατικό νομοσχέδιο να πεταχτεί στα σκουπίδια, Με κεντρικό σύνθημα «το αντεργατικό νομοσχέδιο να πεταχτεί στα σκουπίδια» το Πανεργατικό Αγωνιστικό Μέτωπο καλεί στο μαζικό συλλαλητήριο ενάντια στο αντεργατικό νομοσχέδιο.,"09.06.2021, 11:42"
Live η συζήτηση για το αντεργατικό νομοσχέδιο στις επιτροπές της Βουλής," Στη σκιά της χθεσινής προκλητικής εμφάνισης του υπουργού Εργασίας, αλλά και με το βλέμμα στην αυριανή μεγάλη απεργία συνεχίζεται η συζήτηση για το νομοθετικό έκτρωμα Χατζηδάκη στις επιτροπές της Βουλής.","09.06.2021, 10:23"
Πρώτη «μάχη» για το αντεργατικό νομοσχέδιο," Στο πόδι όλη η χώρα αύριο ενάντια στο αντεργατικό νομοσχέδιο Χατζηδάκη που, σύμφωνα με τον σχεδιασμό της κυβέρνησης, έρχεται προς ψήφιση την επόμενη εβδομάδα.","09.06.2021, 09:28"
Ομοβροντία κατά του «Χατζηθάφτη» της εργασίας, Αντιμέτωπος με ένα διακομματικό τσουνάμι αντιδράσεων απέναντι στο εργασιακό νομοσχέδιο με άρωμα Μεσαίωνα ήρθε χθες στη Βουλή ο υπουργός Εργασίας Κωστής Χατζηδάκης.,"09.06.2021, 06:00"
«Η Ν.Δ. διαλύει το εργατικό δίκαιο», Με επίσκεψη στα ΕΛΤΑ στο Κρυονέρι και συζήτηση με τους εργαζόμενους η Φώφη Γεννηματά έδωσε το στίγμα των θέσεων του ΚΙΝ.ΑΛΛ. ενόψει της αυριανής απεργίας όπου θα δώσει το «παρών».,"09.06.2021, 06:00"
Μαστίγιο και καρότο για τον πλήρη εμβολιασμό," Σε «νέο εμβολιαστικό κύμα» κάλεσε χθες από τη Βουλή ο Κυριάκος Μητσοτάκης, καθώς φαίνεται να διαψεύδονται από τους δείκτες της περιόδου οι προβλέψεις της κυβέρνησης για «τείχος ανοσίας» στην αρχή του...","09.06.2021, 06:00"
Συνάντηση Τσίπρα με ΑΔΕΔΥ," Ο πρόεδρος του ΣΥΡΙΖΑ έκανε λόγο για «ευθεία επίθεση στις εργασιακές σχέσεις με την κατάργηση του 8ωρου», ενώ έβαλε στο τραπέζι και άλλα ζητήματα, όπως ο συνδικαλιστικός νόμος, ο νόμος για τα ΑΕΙ, η συρρίκνωση...","09.06.2021, 06:00"
Πρώτες εσωκομματικές αναταράξεις για το εργασιακό νομοσχέδιο , Τις πρώτες εσωκομματικές ενστάσεις στο αντεργατικό νομοσχέδιο Χατζηδάκη μετρά η Νέα Δημοκρατία.,"08.06.2021, 20:33"
«Η κυβέρνηση μας επιστρέφει στην εποχή των ατομικών συμβάσεων»," Ο πρωθυπουργός πληρώνει όλα τα γραμμάτια των ανακοινώσεων που έκανε στις Γ.Σ. του ΣΕΒ, είπε η Φώφη Γεννηματά, η οποία άσκησε κριτική στο εργασιακό νομοσχέδιο που άρχισε να συζητείται στη Βουλή.","08.06.2021, 16:25"
"Πού πήγε το πάθος για την αλήθεια, συνάδελφοι;"," Για τον υπουργό του οποίου η επαγγελματική καριέρα εξελίχτηκε μόνο μέσα σε κομματικό πυρήνα, δεν χρειάζεται και πολύ ερώτημα για να εξηγήσουμε με πόση ευκολία λέει ανερυθρίαστα ψέματα, όταν επαναλαμβάνει ότι η...","08.06.2021, 16:00"
Χωρίς τρένα την Πέμπτη λόγω απεργίας για το εργασιακό ν/σ," Τη συμμετοχή της στην 24ωρη γενική απεργία της Πέμπτης ανακοίνωσαν οι εργαζόμενοι του ΟΣΕ, με αποτέλεσμα να υπάρξουν ματαιώσεις δρομολογίων αύριο και μεθαύριο.","08.06.2021, 15:43"
Δεμένα πλοία και λουκέτο στα εμπορικά λιμάνια στις 10 Ιουνίου," Δεμένα θα μείνουν τα πλοία στα λιμάνια της χώρας την Πέμπτη 10 Ιουνίου, καθώς 13 ναυτεργατικά σωματεία πραγματοποιούν 24ωρη πανελλαδική απεργία σε όλες τις κατηγορίες των πλοίων. «Λουκέτο» και στα εμπορικά...","08.06.2021, 14:43"
Αλ. Τσίπρας: Η κυβέρνηση θέλει να καταλύσει το δημοκρατικό και κοινωνικό κεκτημένο της Μεταπολίτευσης, Για ευθεία επίθεση στις εργασιακές σχέσεις κατηγόρησε την κυβέρνηση ο πρόεδρος του ΣΥΡΙΖΑ-Π.Σ. κατά τη συνάντησή του με την Εκτελεστική Επιτροπή της ΑΔΕΔΥ.,"08.06.2021, 14:00"
Επικεφαλής η Φώφη στη συγκέντρωση, Αγώνας ουσίας αλλά και ισχυρών συμβολισμών είναι για το Κίνημα Αλλαγής ο επικείμενος γύρω από τα εργασιακά.,"08.06.2021, 11:31"
Κινητοποιήσεις και στην Κρήτη ενάντια στο εργασιακό νομοσχέδιο," Στις απεργιακές κινητοποιήσεις της Πέμπτης 10 Ιουνίου θα συμμετέχουν σωματεία, οργανώσεις και κόμματα της Κρήτης, με αφορμή την ψήφιση του νέου εργασιακού νομοσχεδίου του Υπουργείου Εργασίας.","08.06.2021, 09:30"
Απολύσεις στο Ταμείο Αλληλοβοήθειας του ΥΠΠΟΑ!," Ο Ενιαίος Σύλλογος Υπαλλήλων ΥΠΠΟ Αττικής, Στερεάς και Νήσων καταγγέλλει ότι οι λόγοι της απόλυσης είναι «εκδικητικοί» καθώς αφορούν 7 από τους 35 εργαζομένους που είχαν προσφύγει στο ΣτΕ.","08.06.2021, 06:00"
Ο «Βυσσινόκηπος» στα χρόνια του ανάλγητου νεοφιλελευθερισμού, Με βάση το κλασικό έργο του Τσέχοφ «Ο Βυσσινόκηπος» ο Πρόδρομος Τσινικόρης υφαίνει τη συνέχεια της ιστορίας και την τοποθετεί στο σήμερα.,"07.06.2021, 22:36"
Κ. Νοτοπούλου-Ρέθυμνο: Να στηριχθεί ο τουριστικός κλάδος και οι εργαζόμενοι," Με εκπροσώπους εργαζομένων στον τουρισμό, φορείς, δημάρχους και εκπροσώπους της τοπικής αυτοδιοίκησης, συναντήθηκε η τομεάρχης Τουρισμού του ΣΥΡΙΖΑ Κατερίνα Νοτοπούλου, με στόχο να ενημερωθεί για τα προβλήματα...","07.06.2021, 20:38"
Μοντέλο ΕΦΚΑ για τον ΕΟΠΥΥ," Mοντέλο EΦΚΑ σε ό,τι αφορά την εκχώρηση υπηρεσιών σε ιδιώτες, αλλά για ποσά πολύ μεγαλύτερα από αυτά που μπορεί να ζητήσει ένας λογιστής ή ένας δικηγόρος για την έκδοση μιας καθυστερημένης σύνταξης, φαίνεται...","07.06.2021, 17:26"
Σφοδρές αντιδράσεις για τις απολύσεις στο Ταμείο Αλληλοβοήθειας του ΥΠΠΟ," Oι λόγοι της απόλυσης των 7 εργαζομένων είναι «ξεκάθαρα εκδικητικοί», τονίζει ο Ενιαίος Σύλλογος Υπαλλήλων ΥΠΠΟ Αττικής, ενώ ο ΣΥΡΙΖΑ-ΠΣ κάνει λόγο για «τις πρώτες απολύσεις που πραγματοποιούνται στο δημόσιο...","07.06.2021, 16:23"
Πρωτοφανής «συνδικαλισμός» στην Alpha Bank με αφορμή τον εμβολιασμό κατά της Covid, Με επιστολή τους στη διεύθυνση οι συνδικαλιστές της Alpha Bank ζητούν να τεθούν σε υποχρεωτική άδεια όσοι δεν εμβολιάζονται «ώστε να ωριμάσει η σκέψη τους για την αποδοχή του εμβολιασμού».,"07.06.2021, 12:50"
ΜέΡΑ25: Ο Υπουργός Εργοδοσίας στοχοποιεί τον κόσμο της εργασίας," Πυρών συνέχεια κατά της κυβέρνησης της Ν.Δ. και ειδικά κατά του υπουργού Εργασίας Κωστή Χατζηδάκη, από το ΜέΡΑ25, με αφορμή το εργασιακό νομοσχέδιο.","06.06.2021, 20:57"
Της Αριστεράς...," H κυβέρνηση έχει φέρει τα πάνω κάτω στην ελληνική επικράτεια, οδεύει σταθερά στον αυταρχισμό και στην αποδιάρθρωση της κοινωνίας με τα νομοθετήματά της, που διαλύουν τον εργασιακό ιστό, και η αντιπολίτευση,...","06.06.2021, 11:28"
"Η πάλη των τάξεων, ως κλάσμα"," Nομίζω ότι ο καλύτερος τρόπος για να καταλάβει κανείς το ταξικό βάθος του νομοσχεδίου Χατζηδάκη, την απέχθεια, ενδεχομένως και το μίσος για την εργασία, είναι να κάνουμε μια νοητή μετάβαση στην –προς το παρόν–...","06.06.2021, 11:07"
Επί ποδός για το εργασιακό «έκτρωμα» Χατζηδάκη," Ορόσημο στη μάχη που καλούνται να δώσουν οι εργαζόμενοι ενάντια στο σχέδιο νόμου που καταστρατηγεί τα δικαιώματά τους, η απεργία της 10ης Ιουνίου.","05.06.2021, 12:38"
Νέο πλήγμα στο δικαίωμα της απεργίας, Καυτό δωδεκαήμερο πολιτικής και απεργιακής έντασης με επίκεντρο το Εργασιακό/Συγκρούσεις ανηλίκων: Τα αγριεμένα παιδιά της πόλης/Προανακριτική: Τι θα λέει στο υπόμνημά του ο Νίκος Παππάς.,"05.06.2021, 08:32"
Το δημογραφικό και το εργασιακό," Η επίλυση του δημογραφικού προβλήματος είναι από την πρώτη στιγμή το θέμα πολύ ψηλά στην ατζέντα της κυβέρνησης, είπε η υφυπουργός Εργασίας. Προς στιγμή ένιωσα ότι ζω σε άλλη χώρα, π.χ. στη Σουηδία.","04.06.2021, 16:00"
Η ΟΤΟΕ εκθέτει τα ψέματα του υπουργού Εργασίας," Μέχρι και την τελευταία στιγμή ο υπουργός Εργασίας συνεχίζει να υπεραμύνεται της διάταξής του για υπέρβαση του 8ωρου και διευθέτηση του χρόνου εργασίας με ατομική σύμβαση και όχι με συλλογική, όπως ήδη ισχύει.","04.06.2021, 13:24"
Υποχώρηση μετά την κατακραυγή, Διαβάστε στην «Εφ.Συν.»: Ντόμινο εξελίξεων από το χθεσινό δημοσίευμα της «Εφ.Συν.» • Κατατίθεται το εργασιακό νομοσχέδιο • Ώρα μηδέν για τη φορολόγηση των πολυεθνικών στη σύνοδο του G7,"04.06.2021, 08:00"
Πρόγευση έντασης στο λιμάνι," Εν μέσω καταγγελιών για «ενορχηστρωμένη επίθεση από κυβέρνηση - υπουργείο - εφοπλιστές», η ΠΕΝΕΝ μετέτρεψε την εξαγγελθείσα 24ωρη απεργία σε στάση εργασίας. Στη συνέχεια τα πλοία απέπλευσαν κανονικά.","04.06.2021, 06:00"
Ζήτησαν απόσυρση του νομοσχεδίου Χατζηδάκη και προστασία του 8ώρου, Με το βλέμμα στη γενική απεργία της 10ης Ιουνίου πραγματοποιήθηκαν συλλαλητήρια στην Αθήνα και στη Θεσσαλονίκη κατά του εργασιακού νομοσχεδίου που προωθεί η κυβέρνηση.,"03.06.2021, 19:45"
Σύγκρουση Ξενογιαννακοπούλου με υπ. Εργασίας για τα ρεπό αντί υπερωριών, Για διαστρέβλωση των διατάξεων του νομοσχεδίου και ψέματα για το θέμα των ρεπό αντί πληρωμής των υπερωριών κατηγορεί τον ΣΥΡΙΖΑ-ΠΣ το υπ. Εργασίας. Πραπληροφόρηση και διαστρέβλωση της πραγματικότητας...,"03.06.2021, 19:15"
Χρηστίδης: Ο εργαζόμενος μένει απροστάτευτος με υπογραφή της Ν.Δ.," «Με το εργασιακό νομοσχέδιο η κυβέρνηση απορυθμίζει τις εργασιακές σχέσεις, ισοπεδώνει τα εργασιακά δικαιώματα, υπονομεύει πλήρως τις συλλογικές συμβάσεις, ενισχύει μόνο τους ασύδοτους εργοδότες» τόνισε ο...","03.06.2021, 16:52"
Εν μέσω καταγγελιών ανέστειλε η ΠΕΝΕΝ την 24ωρη απεργία ," Οι ναυτεργάτες πραγματοποίησαν στάση εργασίας μέχρι τις 9 το πρωί. Έτσι κανονικά πραγματοποιούνται τα ακτοπλοϊκά δρομολόγια από το λιμάνι του Πειραιά, ενώ προβλήματα δημιουργήθηκαν μόνο για τα πρωινά...","03.06.2021, 12:15"
Ανεστάλη η απεργία της ΠΕΝΕΝ - Κανονικά τα δρομολόγια των πλοίων," H Πανελλήνια Ενωση Ναυτών Εμπορικού Ναυτικού προχώρησε σε μετατροπή της 24ωρης απεργίας σε στάση εργασίας, διαμαρτυρόμενη ενάντια στο εργασιακό ν/σ","03.06.2021, 08:35"
Παράνομη έκρινε το δικαστήριο την απεργία των ναυτεργατών - Αμετακίνητη η ΠΕΝΕΝ, Το σωματείο καλεί όλους τους ναυτεργάτες να δώσουν αγωνιστικό παρόν στο κάλεσμα της στις 5 το πρωί στο λιμάνι του Πειραιά απέναντι από τον Ηλεκτρικό Σταθμό.,"02.06.2021, 21:23"
Η κατάργηση της προστασίας από τις απολύσεις στο εργασιακό νομοσχέδιο," Στο εργασιακό νομοσχέδιο υπάρχουν διατάξεις που δεν έχουν λάβει τη δέουσα προσοχή σε μια δημοκρατική διαδικασία διαλόγου, με χαρακτηριστικότερες όλων...","02.06.2021, 14:40"
"Διακυβέρνηση Μητσοτάκη, Ανεξάρτητες Αρχές, κομματικοποίηση του κράτους"," H κυβέρνηση επί δύο χρόνια επιδίδεται σε μία διαρκή και απροκάλυπτη προσπάθεια υποβάθμισης, ελέγχου και χειραγώγησης των Ανεξάρτητων Αρχών.","02.06.2021, 14:23"
ΓΣΕΕ: Κυβέρνηση και υπουργείο «νίπτουν τα χείρας τους» για την εργασιακή δυστοπία," Για στοχευμένες νομικές κατασκευές και επικίνδυνες ιδεολογικές ακροβασίες κάνει λόγο το ανώτατο συνδικαλιστικό όργανο των εργαζομένων, ανακοινώνοντας επίσημα την απεργία της 10ης Ιουνίου.","02.06.2021, 14:02"
Κρήτη: Σε κινητοποιήσεις οι εκπαιδευτικοί ενάντια στο εργασιακό νομοσχέδιο, Κάλεσμα συμμετοχής στις κινητοποιήσεις που διοργανώνονται ενάντια στο νομοσχέδιο της κυβέρνησης για τα εργασιακά απευθύνει με ανακοίνωση της ΕΛΜΕ Χανίων καθώς και σύλλογοι εκπαιδευτικών του Ηρακλείου.,"02.06.2021, 09:34"
ΠΑΜΕ: Δε θα επικυρώσουμε τον διαλυτικό τους σχεδιασμό," «Oι εργαζόμενοι και τα σωματεία τους, να προσπεράσουν την ηγεσία της ΓΣΕΕ που βρίσκεται σε διατεταγμένη υπηρεσία στη διάθεση της κυβέρνησης και των εργοδοτικών ενώσεων» σημειώνει το Πανεργατικό Αγωνιστικό...","01.06.2021, 10:23"
Εκθετοι Μητσοτάκης - Χρυσοχοΐδης μπροστά στην έξαρση της εγκληματικότητας," λλού το έγκλημα, αλλού η αστυνομία / Ενα πολιτικό «ναυάγιο» ύψους 750.000 ευρώ/ Ελληνοτουρκικά: Εδωσαν ραντεβού για τις 14 Ιουνίου / Συντονισμένη απεργιακή αντίδραση στις 10 Ιουνίου / Οι Γερμανοί ξανάρχονται...","01.06.2021, 07:30"
Η επιστολή των 41 Εργατικών Κέντρων κατά της ελάχιστης βάσης εισαγωγής στα ΑΕΙ," Κοινό μέτωπο υπέρ της ισότιμης παιδείας, από την ΟΙΕΛΕ και 41 Εργατικά Κέντρα, που με επιστολή τους ζητούν από την Πρόεδρο της Δημοκρατίας Κατερίνα Σακελλαροπούλου, να μην εφαρμοστεί ο «κόφτης».","31.05.2021, 20:49"
Με κοινό βηματισμό οι απεργίες των ΓΣΕΕ και ΑΔΕΔΥ," Απέναντι στο εργασιακό νομοσχέδιο που προωθεί η κυβέρνηση, ΓΣΕΕ και ΑΔΕΔΥ ενώνουν τις φωνές τους, καθώς θα πραγματοποιήσουν απεργιακές κινητοποιήσεις την ίδια ημέρα, δηλαδή στις 10 Ιουνίου. ","31.05.2021, 20:03"
Χημικά και ξύλο έξω από το Υπουργείο Εργασίας," Σε μια συμβολική κίνηση, οι οικοδόμοι έριξαν τσιμέντο στην είσοδο του Υπουργείο Εργασίας, με τις αστυνομικές δυνάμεις να απαντούν με χρήση χημικών. ","31.05.2021, 19:11"
Αλ. Τσίπρας: Η κυβέρνηση έχει κηρύξει τον πόλεμο στον κόσμο της εργασίας, Περιοδειών συνέχεια για τον πρόεδρο του ΣΥΡΙΖΑ-Π.Σ. Αλέξη Τσίπρα ο οποίος επισκέπτεται τη Χαλκίδα με πρώτο σταθμό την Ένωση Εργαζομένων της ΛΑΡΚΟ. Σφοδρή επίθεση στην κυβέρνηση Μητσοτάκη για την πολιτική της...,"31.05.2021, 14:02"
Μέτωπο της εργασίας υπέρ ισότιμης παιδείας, «Από φέτος αρχίζει να λειτουργεί ο «κόφτης» της Ελάχιστης Βάσης Εισαγωγής στην τριτοβάθμια εκπαίδευση που θα αφήσει εκτός Πανεπιστημίου τουλάχιστον 20-25 χιλιάδες μαθητές.,"31.05.2021, 13:46"
Ζήτησε αλλαγή πόστου με γνωμάτευση γιατρού και τον απέλυσαν," Σε μια καταγγελία που θα συζητηθεί προχωρά το Εργατοϋπαλληλικό Κέντρο Ελευσίνας – Δυτικής Αττικής. Σύμφωνα με το ΕΚΕ-ΔΑ εταιρεία, που δραστηριοποιείται στον Ασπρόπυργο, «έστειλε 4μηνη προειδοποίηση απόλυσης»...","31.05.2021, 11:19"
Στη Χαλκίδα ο Αλέξης Τσίπρας, Θα μιλήσει με καταστηματάρχες και πολίτες και θα βρεθεί στο πλευρό των εργαζομένων της ΛΑΡΚΟ ● Μαζί του και ο Συμεών Κεδίκογλου.,"31.05.2021, 09:39"
Μια αναγκαία συνάντηση Παιδείας και εργασίας," Δεκάδες τμήματα ΑΕΙ και ΤΕΙ απειλούνται με κλείσιμο ελλείψει φοιτητών, με ποικίλες παρενέργειες στις τοπικές κοινωνίες.","31.05.2021, 09:10"
Κίνηση επιστημόνων υπέρ των εργατικών κεκτημένων," «Πρωτοβουλία για την Υπεράσπιση της Εργασίας» ονομάζουν δεκάδες ιστορικοί, κοινωνιολόγοι, οικονομολόγοι, πολιτικοί επιστήμονες, ανθρωπολόγοι της εργασίας και ερευνητές τη σειρά δράσεων που αναλαμβάνουν για την...","31.05.2021, 06:00"
«Δεν συμβαίνουν πλέον ιστορίες», Ο Πρόδρομος Τσινικόρης με την παράσταση «(Somewhere) beyond the cherry trees» ανοίγει το φετινό Φεστιβάλ Αθηνών και μιλά στην «Εφ.Συν.» για τη τέχνη και το θέατρο.,"30.05.2021, 18:12"
ΚΚΕ: Για το εργασιακό έκτρωμα Χατζηδάκη φταίει και η Ε.Ε.!," Δεν είναι η πρώτη φορά που στο στόχαστρο της κριτικής του ΚΚΕ μπαίνει η Ε.Ε. Μπορεί να παίρνει μέρος στις ευρωεκλογές και να βγάζει και ευρωβουλευτές, ωστόσο το Κόμμα έχει σαφή θέση και αυτή είναι ενάντια στην...","30.05.2021, 06:00"
Ν. Φίλης: Άρχισαν τα όργανα για την κυβέρνηση...," «Γιατί χρειάστηκε ορυμαγδός κυβερνητικών δηλώσεων για να απαντήσουν στο πρωτοσέλιδο δημοσίευμα της εφημερίδας ΤΑ ΝΕΑ, σύμφωνα με το οποίο παγώνει η ίδρυση της Πανεπιστημιακής Αστυνομίας ''για να εξασφαλιστεί η...","28.05.2021, 17:19"
Μαζικά καλέσματα για συμμετοχή στην 24ωρη απεργία κατά του αντεργατικού νομοσχεδίου," Δυναμική αντίδραση στο νομοσχέδιο του υπουργείου Εργασίας, που θέτει στο στόχαστρο βασικά εργασιακά δικαιώματα, όπως το 8ωρο, το δικαίωμα στην απεργία, αλλά και η συνδικαλιστική εκπροσώπηση των εργαζομένων,...","28.05.2021, 15:44"
"Αλ. Τσίπρας: Θρασύδειλος, αμετανόητος και δημαγωγός ο Κ. Μητσοτάκης", Με πολύ επιθετικό ύφος η απάντηση Τσίπρα στη χθεσινή ομιλία Μητσοτάκη και στην άρνησή του να απαντήσει για τη μείωση χιλιάδων εισακτέων στα ΑΕΙ,"28.05.2021, 10:50"
Διαλύουν την Επιθεώρηση Εργασίας, Τη σκόπιμη υποβάθμιση των ελεγκτικών μηχανισμών από την κυβέρνηση επισήμανε ο Αλέξης Τσίπρας στη χτεσινή συνάντηση με τους εργαζομένους του υπουργείου Εργασίας και τους επιθεωρητές του ΣΕΠΕ.,"28.05.2021, 06:00"
Τσίπρας: Συνειδητή κυβερνητική επιλογή η υποβάθμιση της επιθεώρησης εργασίας, Αλ. Τσίπρας: έντονη ανησυχία για τις προθέσεις της κυβέρνησης με το νέο εργασιακό νομοσχέδιο και για την υποβάθμιση του έργου του ΣΕΠΕ.,"27.05.2021, 14:33"
«Θα σας ταράξουμε... στον έλεγχο»," Αυστηρό μήνυμα στην κυβέρνηση και τον πρωθυπουργό έστειλε ο Αλέξης Τσίπρας, μιλώντας στην Κ.Ο. του ΣΥΡΙΖΑ-Π.Σ. και έκανε λόγο για «ιδιότυπο κοινοβουλευτικό πραξικόπημα» και «αλλοίωση των συνταγματικών...","27.05.2021, 06:00"
Σφυροκόπημα Τσίπρα στην κυβέρνηση , Ανέβασε τους τόνους ο αρχηγός της αξιωματικής αντιπολίτευσης στην πρώτη δια ζώσης κοινοβουλευτική ομάδα του ΣΥΡΙΖΑ-Π.Σ..,"26.05.2021, 19:42"
Νομοθετικό έργο σε συνθήκες κορονοϊού," Το ολικό ή μερικό απαγορευτικό που έχει επιβληθεί λόγω της περιόδου πανδημίας έχει προκαλέσει δυσλειτουργία σε διάφορες κοινωνικές διεργασίες· μεταξύ άλλων στον οικονομικό, εργασιακό, εκπαιδευτικό τομέα, αλλά...","26.05.2021, 16:00"
Σε καθεστώς γαλέρας οι εργολαβικοί στο ΕΚΠΑ," Εδιωξαν εργαζόμενο γιατί αποτόλμησε να πάρει τρεις μέρες αναρρωτική άδεια ● Η υπόθεση έφτασε στην Επιθεώρηση Εργασίας, όπου αποκαλύφθηκε παρακράτηση επιδομάτων αδείας ● Υβρεις και απειλές συμπληρώνουν την...","26.05.2021, 11:55"
ΓΣΕΕ: «Βορά στην εργοδοσία οι εργαζόμενοι», Τα βασικά σημεία της κριτικής στο εργασιακό σχέδιο νόμου και ειδικότερα σε διατάξεις που «αποδιαρθρώνουν το εργατικό δίκαιο και τη συλλογική αυτονομία» ● Αύριο οι αποφάσεις για κινητοποιήσεις.,"26.05.2021, 11:48"
Ετοιμοπόλεμη δηλώνει η ΓΣΕΕ για το εργασιακό ν/σ," Αν δεν παρθούν πίσω οι αντεργατικές διατάξεις και δεν λάβει υπόψη ο υπουργός Εργασίας τις τεκμηριωμένες θέσεις των νομικών της ΓΣΕΕ,  η οργάνωση θα ζητήσει την απόσυρση του σχεδίου νόμου για το εργασιακό.","25.05.2021, 19:45"
Η «μεσαία τάξη» και η Αριστερά, Είναι γνωστό πως ο «μεσαίος χώρος» αποτελεί πολιτικά ιδιαίτερα πολύφερνη νύφη -και ιδίως όταν το θέμα μας είναι οι εκλογές.,"25.05.2021, 16:00"
Παρωδία η διαβούλευση για τον κατώτατο μισθό," Σε παρωδία, όπως ήταν αναμενόμενο, εξελίχθηκε χθες η προφορική διαβούλευση μεταξύ των εκπροσώπων των εργοδοτικών οργανώσεων και της ΓΣΕΕ για τον καθορισμό του νέου κατώτατου μισθού.","25.05.2021, 06:00"
«Κυβερνητική λαίλαπα» καταγγέλλει το ΚΙΝ.ΑΛΛ., Τις παραδοσιακές και διαχρονικά προνομιακές σχέσεις που είχε το ΠΑΣΟΚ με τα συνδικάτα και τους εργαζόμενους για πολλές δεκαετίες επιχειρούν να οικοδομήσουν εκ νέου η Φώφη Γεννηματά και το Κίνημα Αλλαγής....,"25.05.2021, 06:00"
Διαβούλευση - παρωδία για τον κατώτατο μισθό, Δεδομένη ήταν εξαρχής η άρνηση όλων των εργοδοτών να αποδεχτούν την ανάγκη βελτίωσης των κατώτατων ορίων.,"24.05.2021, 21:49"
Δημοσκόπηση: Διαφωνούν οι πολίτες με το εργασιακό ν/σ και τα μέτρα για την πανδημία, Ακόμα μια δημοσκόπηση καταγράφει την αντίθεση της πλειονότητας των ερωτηθέντων πολιτών για σημαντικές επιλογές τις οποίες υλοποίησε ή δρομολογεί η κυβέρνηση της Νέας Δημοκρατίας. ,"24.05.2021, 21:00"
Η επιστολή της ΔΑΣ (ΠΑΜΕ) και η απάντηση της «Εφ.Συν.», Με αφορμή το ρεπορτάζ της εφημερίδας μας για το συνδικαλιστικό παρασκήνιο της ανακοίνωσης της ΓΣΕΕ για το εργασιακό νομοσχέδιο.,"24.05.2021, 20:25"
Η εργασία στην εποχή των «αρίστων», Τι κάνει τώρα η κυβέρνηση με το «έκτρωμα» που θέλει να επιβάλει; Θέτει τους εργαζόμενους που βρίσκονται στη βάση -ή κοντά στη βάση- της εργασίας σε ομηρία.,"24.05.2021, 16:00"
"ΑΔΕΔΥ: Συλλαλητήριο την Τετάρτη, 26 Μαΐου, στα Προπύλαια"," Όπως αναφέρει η ΑΔΕΔΥ,το νομοσχέδιο, «μεταξύ άλλων, καταργεί το 8ωρο και τις συλλογικές συμβάσεις εργασίας, ποινικοποιεί τη συνδικαλιστική δράση και φαλκιδεύει το δικαίωμα στην απεργία».","24.05.2021, 15:32"
KKE: Να μην περάσει το αντεργατικό έκτρωμα!, Με σύνθημα «Είναι ώρα ευθύνης και μάχης!» το ΚΚΕ έχει προγραμματίσει μέσα στην εβδομάδα μαζικές κινητοποιήσεις σε όλη την Ελλάδα.,"24.05.2021, 12:55"
Μπουρλότο από τον εφοπλιστή Πάνο Λασκαρίδη στο Μαξίμου," Αλλά πέρα από τις αναταράξεις στην κυβέρνηση, ορατές έγιναν και συγκρούσεις στους εφοπλιστικούς κόλπους με αφορμή τις δηλώσεις αυτές. Εξ ου και οι πληροφορίες που λένε ότι άλλοι εφοπλιστές δηλώνουν...","24.05.2021, 11:12"
Εξορμήσεις παντού από τον ΣΥΡΙΖΑ," Ημερήσια επίσκεψη στον νομό Ηλείας πραγματοποιεί σήμερα ο πρόεδρος του ΣΥΡΙΖΑ-Π.Σ. Αλέξης Τσίπρας και θα έχει συναντήσεις με αυτοδιοικητικούς παράγοντες, φορείς της αγοράς αλλά και εργαζόμενους σε...","24.05.2021, 09:56"
Κοινό μέτωπο με συνδικάτα και εργαζομένους," Τα εργασιακά βρίσκονται αυτές τις ημέρες στην αιχμή του δόρατος της αντιπολιτευτικής τακτικής του Κινήματος Αλλαγής, στο οποίο ως γνωστόν έχουν πάρει κατηγορηματική θέση ενάντια στο προωθούμενο νομοσχέδιο της...","24.05.2021, 09:01"
Το παρασκήνιο για την επικοινωνιακή «αυστηρότητα» κατά των τραπεζών," Οι τράπεζες φαίνεται να είναι απρόθυμες να ρυθμίσουν μαζικά «κόκκινα» δάνεια, τη στιγμή μάλιστα που το πρόγραμμα πριμοδοτεί με μεγαλύτερα ποσοστά επιδότησης τα ενήμερα.","23.05.2021, 17:31"
Εύφλεκτη ύλη κοινωνικών συγκρούσεων και αδιέξοδων εντάσεων, Η κυβέρνηση ανοίγει τον δρόμο σε δικαστικές αντιδικίες με ένα νόμο αντεργατικό αλλά πολλαπλώς ευάλωτο στον διάχυτο δικαστικό έλεγχο συνταγματικότητας.,"23.05.2021, 10:32"
Εκκωφαντική κυβερνητική σιωπή για τις προσβλητικές δηλώσεις εφοπλιστή," Σιγή από τον υπουργό Ναυτιλίας, πυρ ομαδόν από την αντιπολίτευση. Διευκρινίσεις Λασκαρίδη και μίνι εφοπλιστικός εμφύλιος μέσων των Νέων.","22.05.2021, 18:54"
«Κ. Μητσοτάκης και ΝΔ συστηματικά αφαιρούν ή υπονομεύουν τα εργασιακά δικαιώματα», Σφοδρή επίθεση της προέδρου του Κινήματος Αλλαγής στην κυβέρνηση με αφορμή το εργασιακό νομοσχέδιο Χατζηδάκη. Η Φώφη Γεννηματά συζήτησε τις ρυθμίσεις του νέου εργασιακού νομοσχεδίου μέσω τηλεδιάσκεψης με 30...,"22.05.2021, 16:34"
Από 50 σε 120 αυξάνονται οι βουλευτές που συμμετέχουν στις εργασίες της Βουλής," Μικρή υποχώρηση από τον πρόεδρο της Βουλής, Κώστα Τασούλα, που γνωστοποίησε ότι θα υπερδιπλασιαστεί ο αριθμός των βουλευτών που συμμετέχουν στην Ολομέλεια.","22.05.2021, 14:11"
Βέλη ΣΥΡΙΖΑ κατά Πλακιωτάκη μετά τις προσβλητικές δηλώσεις εφοπλιστή ," Αντιδράσεις προκαλεί η ξεκάθαρη αμηχανία του Γιάννη Πλακιωτάκη στο βίντεο με τις προσβολές Έλληνα εφοπλιστή, με τον ΣΥΡΙΖΑ να στηλιτεύσει τη στάση του υπουργού Ναυτιλίας.","21.05.2021, 20:55"
Μαζί με τους εργαζόμενους των ΟΤΑ ενάντια στο εργασιακό νομοσχέδιο," Επειδή έχουν γραφτεί πολλά για το εργασιακό νομοσχέδιο στο σύνολό του, θα επιμείνω στην παγίωση της τηλεργασίας, που αποτελεί τον Δούρειο Ιππο ώστε η κυβέρνηση να εφαρμόσει πλήρως το αντεργατικό και...","21.05.2021, 16:00"
Για ένταση της εργασιακής ζούγκλας μιλά η ΓΣΕΕ, Στη διαβούλευση με τον Κ. Χατζηδάκη τα περισσότερα μέλη του προεδρείου διαφώνησαν με όλες τις επίμαχες διατάξεις του σχεδίου νόμου ● Η ΓΣΕΕ προανήγγειλε συνεδρίαση των οργάνων της «για να λάβουν αποφάσεις για...,"21.05.2021, 11:50"
Ο Όμιλος FOURLIS υπογράφει την Χάρτα Διαφορετικότητας," Η «Χάρτα Διαφορετικότητας» είναι μία πρωτοβουλία της Ευρωπαϊκής Επιτροπής, που στη χώρα μας υλοποιείται από το ΚΕΑΝ, και αποσκοπεί στο να ενθαρρύνει...","21.05.2021, 11:45"
Η AstraZeneca απέσπασε την κορυφαία διάκριση «Winner» στα Health & Safety Awards 2021," Με κεντρικό μήνυμα «Η Δύναμη του μΑΖί», ανέλαβε δυναμικές πρωτοβουλίες για τη δημιουργία ενός υγειούς και ασφαλούς εργασιακού περιβάλλοντος για τους...","21.05.2021, 11:15"
Μαύρα σενάρια για τις συντάξεις, Προτάσεις-φωτιά για το συνταξιοδοτικό αλλά σε βάθος... 50ετίας περιέχει η Πράσινη Βίβλος της Κομισιόν για τη δημογραφική γήρανση που έχει κατατεθεί για διαβούλευση από τον Ιανουάριο του 2021.,"21.05.2021, 06:00"
Αλ. Τσίπρας: Βάλτε τέρμα στην καραντίνα της δημοκρατίας," Αρση του lockdown της Βουλής ζήτησε ο πρόεδρος του ΣΥΡΙΖΑ, προαναγγέλλοντας την επάνοδο των βουλευτών του κόμματός του στις συνεδριάσεις ● Βολές για τη διανομή χρήματος σε «ημετέρους» με απευθείας αναθέσεις...","21.05.2021, 06:00"
Εξορμήσεις του Μ-Λ ΚΚΕ ενάντια στο αντεργατικό έκτρωμα της κυβέρνησης, Νέες εξορμήσεις αρχίζει από αυτό το Σάββατο το Μ-Λ ΚΚΕ στην Αθήνα και στην περιφέρεια ενάντια στο αντεργατικό έκτρωμα της κυβέρνησης.,"20.05.2021, 13:44"
Αλ. Τσίπρας: Ποιοι επιβάλλουν με χρήματα νομοθετήματα στον Κ. Μητσοτάκη;, «Κακοποιητή της δημοκρατίας» χαρακτήρισε την κυβέρνηση ο Αλ. Τσίπρας ζητώντας αλλαγή του ν/σ της συνεπιμέλειας. Σπάει ο ΣΥΡΙΖΑ το λοκντάουν στη Βουλή,"20.05.2021, 13:15"
Απαιτούν δηλώσεις μετανοίας, Καταγγελία στις Σέρρες: Οι εργοδότες δεν περιμένουν καν την ψήφιση του νέου εργασιακού • Πρωτοφανής πίεση για υπερωρίες την ώρα που είναι σε διαβούλευση οι διατάξεις για την αύξηση των υπερωριών και τo 10ωρο...,"20.05.2021, 13:08"
ΑΔΕΔΥ: 24ωρη απεργιακή κινητοποίηση στις 3 Ιουνίου για το εργασιακό ν/σ," Η απόφαση αυτή αποτελεί ταυτόχρονα πρόταση που απευθύνεται σε όλες τις συνδικαλιστικές οργανώσεις του δημόσιου και ιδιωτικού τομέα (ΓΣΕΕ, ομοσπονδίες, εργατικά κέντρα) για κοινή ημερομηνία γενικής απεργίας.","20.05.2021, 11:07"
Συναγερμός στον ΣΥΡΙΖΑ για το αντεργατικό νομοσχέδιο," Σημαντική φθορά στην κυβέρνηση προκαλεί το όλο θέμα και η Κουμουνδούρου εξακολουθεί να το κρατάει ψηλά ● «Ταφόπλακα στα όνειρα των νέων» χαρακτηρίζει ο Αλ. Τσίπρας τις σχετικές διατάξεις, υπογραμμίζοντας ότι...","20.05.2021, 06:00"
Τσίπρας: Ταφόπλακα για τους νέους το νομοσχέδιο Χατζηδάκη, Την ανάγκη της αξιοποίησης των πόρων του Ταμείου Ανάκαμψης για την ενίσχυση των νέων επιστημόνων και την αποτροπή ενός νέου κύματος brain drain τόνισε ο πρόεδρος του ΣΥΡΙΖΑ-ΠΣ σε εκδήλωση του Ινστιτούτου...,"19.05.2021, 20:49"
Παρέμβαση ΚΚΕ στην Ολομέλεια του Ευρωκοινοβουλίου για το εργασιακό νομοσχέδιο," «Οι εργαζόμενοι απαιτούν να μην κατατεθεί στη Βουλή το νομοσχέδιο-έκτρωμα, να καταργηθούν όλοι οι αντεργατικοί νόμοι» τόνισε η ευρωομάδα του ΚΚΕ καταδικάζοντας «το νομοσχέδιο-έκτρωμα και τις οδηγίες της Ε.Ε.».","18.05.2021, 11:50"
Περιφέρεια Κρήτης: Σημαντικά ευρήματα για την παρενόχληση στον χώρο εργασίας," Σημαντικά ευρήματα για την παρενόχληση στο χώρο εργασίας, παρουσιάστηκαν σε ημερίδα της Περιφέρειας Κρήτης, η οποία πραγματοποιήθηκε με τη συμμετοχή πολιτών και εκπροσώπων κοινωνικών φορέων και υπηρεσιών του...","18.05.2021, 10:55"
Η υπερεργασία σκοτώνει!, Αποκαλυπτική έρευνα του Παγκόσμιου Οργανισμού Υγείας και της Διεθνούς Οργάνωσης Εργασίας αποδίδει στις πολλές ώρες δουλειάς το.ν θάνατο 645.000 ανθρώπων κάθε χρόνο και προειδοποιεί για τα θολά όρια εργάσιμου...,"18.05.2021, 06:00"
Καμπανάκι ΠΟΥ για υπερεργασία - Αυξάνει θανάτους από καρδιά και εγκεφαλικά," «Σοβαρό κίνδυνο για την υγεία τους» διατρέχουν όσοι εργάζονται πάνω από 55 ώρες την εβδομάδα, σύμφωνα με νέα μελέτη. Η πανδημία επιδεινώνει το εργασιακό ωράριο, προειδοποιεί ο ΠΟΥ.","17.05.2021, 12:32"
Καμπάνια για το ναυτικό επάγγελμα, Εκστρατεία ενημέρωσης της νέας γενιάς για τις ευκαιρίες επαγγελματικής σταδιοδρομίας που προσφέρει η θάλασσα και το ναυτικό επάγγελμα εγκαινίασε χθες η Ενωση Ελλήνων Εφοπλιστών (ΕΕΕ).,"14.05.2021, 06:00"
Α. Τσίπρας: Η αγωνία της επόμενης μέρας," Ο πρόεδρος του ΣΥΡΙΖΑ-Π.Σ. μίλησε από το Φόρουμ των Δελφών για την πανδημία, για τα εργασιακά και για την εξωτερική πολιτική.","14.05.2021, 06:00"
Μαζική πορεία κατά του αντεργατικού νομοσχεδίου, «Κάτω τα χέρια από το 8ωρο - Πάρτε πίσω το νομοσχέδιο έκτρωμα» τονίζουν χιλιάδες εργαζόμενοι που συμμετέχουν σε μεγάλο συλλαλητήριο στην Αθήνα κατά του νομοσχεδίου Χατζηδάκη.,"13.05.2021, 20:49"
Ο όψιμος ελληνικός θατσερισμός," Η σφοδρή αντιπαράθεση γύρω από το εργασιακό νομοσχέδιο μας αναγκάζει να εκτιμήσουμε το μέγεθος της απειλής που αυτό αντιπροσωπεύει για τον κόσμο της εργασίας, με βάση το εντελώς νέο εργασιακό τοπίο που έχει...","13.05.2021, 17:36"
Πολλαπλό πλήγμα στην καρδιά των συνδικάτων - Όλο το εργασιακό νομοσχέδιο," Μέτρα περαιτέρω αποδυνάμωσης των ήδη βαλλόμενων από την κρίση αντιπροσώπευσης συνδικάτων επιφέρει το νέο εργασιακό νομοσχέδιο και μάλιστα στο όνομα ποιοτικής αναβάθμισης της λειτουργίας τους, την οποία ο κ....","13.05.2021, 11:58"
Βουλή σε... καραντίνα," Tην επαναφορά του Κοινοβουλίου σε μια σχετική κανονικότητα ζητά η αντιπολίτευση, την ώρα που οι συνεδριάσεις συνεχίζουν να διεξάγονται σε σχεδόν άδεια έδρανα, παρά το πολλαπλώς διαφημισθέν άνοιγμα σχολείων,...","13.05.2021, 06:00"
Στα κάγκελα η αντιπολίτευση για το εργασιακό," ΣΥΡΙΖΑ, ΚΙΝ.ΑΛΛ., ΚΚΕ και ΜέΡΑ25 διαπιστώνουν επίθεση της κυβέρνησης σε βάρος των εργαζομένων και προεξοφλούν ότι θα καταψηφίσουν το νομοσχέδιο, αλλά και ότι θα αγωνιστούν για να το μπλοκάρουν.","13.05.2021, 06:00"
"ΠΑΜΕ: «Στείλτε για ελιές τον Χατζηδάκη, το οκτάωρο ανήκει στον εργάτη»"," «Κάτω τα χέρια από το οκτάωρο» φώναξαν χθες έξω από το υπουργείο Εργασίας μέλη του ΠΑΜΕ και συνδικάτα, την ώρα που κυβερνητικά στελέχη πραγματοποιούσαν τηλεπαρουσίαση του νέου νομοσχεδίου για τα εργασιακά, το...","13.05.2021, 06:00"
ΓΣΕΕ: Να αποσυρθεί κάθε αντεργατική διάταξη του εργασιακού νομοσχεδίου, Γενικές και επί των αρχών παρατηρήσεις κάνει η Γενική Συνομοσπονδία Εργατών Ελλάδας στο «νομοσχέδιο Χατζηδάκη» εν αναμονή της ανάρτησης για δημόσια διαβούλευση των σχετικών διατάξεων.,"12.05.2021, 19:32"
Το μέλλον της εργασίας στην 4η βιομηχανική επανάσταση, Οι πόροι που θα χρηματοδοτήσουν το Ελληνικό Σχέδιο Ανάκαμψης και Ανθεκτικότητας πρέπει να διατεθούν μέσα από ένα συνεκτικό σχέδιο το οποίο θα πυροδοτεί την αναγκαία αλλαγή αναπτυξιακού υποδείγματος με στόχο τη...,"12.05.2021, 17:33"
Υποβάθμιση του ΣΕΠΕ μέσω της «αναβάθμισής» του σε ανεξάρτητη Αρχή, Η κυβέρνηση παύει να έχει την ευθύνη για τους ελέγχους σε εργασιακούς χώρους και εργατικές διαφορές. Την Πέμπτη τίθεται σε διαβούλευση το ν/σ.,"12.05.2021, 12:45"
Ο υπουργός παρουσιάζει το εργασιακό νομοσχέδιο - Τα συνδικάτα διαδηλώνουν, Έξω από το υπουργείο Εργασίας θα βρεθούν στη μία μετά το μεσημέρι ΠΑΜΕ και σωματεία που αντιδρούν στο νομοσχέδιο «ταφόπλακα» των εργασιακών σχέσεων και δικαιωμάτων.,"12.05.2021, 11:57"
Η Ολυμπιακή Ζυθοποιία στοχεύει στο ΜΗΔΕΝ για ένα καλύτερο σήμερα και αύριο," Πιστή στον εταιρικό Σκοπό της, «Ζυθοποιούμε για ένα καλύτερο σήμερα και αύριο», η Ολυμπιακή Ζυθοποιία δημοσιεύει τον πρώτο Απολογισμό Βιώσιμης...","12.05.2021, 11:40"
Πολιτικά παιχνίδια με το ΣΕΠΕ, Αναστάτωση στους επιθεωρητές από την πληροφορία ότι ο υπουργός Εργασίας επιχειρεί να αποποιηθεί την όποια πολιτική και κυβερνητική ευθύνη για τον έλεγχο των εργατικών διαφορών ● Βαρυσήμαντο άρθρο του προέδρου...,"12.05.2021, 09:59"
Άρθρο - κόλαφος για το εργασιακό νομοσχέδιο από τον πρόεδρο της Ενωσης Δικαστών και Εισαγγελέων, Μια σειρά από αντιμεταρρυθμίσεις απαριθμεί ο Χριστόφορος Σεβαστίδης σε άρθρο του στο οποίο κατακεραυνώνει την κυβέρνηση για τις αντεργατικές ρυθμίσεις που ετοιμάζεται να περάσει με το προωθούμενο εργασιακό...,"12.05.2021, 09:16"
"Νοσηλευτική, η αδικημένη συνιστώσα του υγειονομικού συστήματος"," Οι νοσηλευτές, σύμφωνα με μελέτες, είναι συστηματικά εκτεθειμένοι σε ποικιλία κινδύνων: φυσικών, χημικών, βιολογικών, μηχανικών εργονομικών και ψυχοκοινωνικών.","11.05.2021, 17:37"
Το μεσημέρι της Τετάρτης στη δημοσιότητα το εργασιακό νομοσχέδιο," Έτοιμος να δώσει στη δημοσιότητα το περιλάλητο εργασιακό νομοσχέδιο, που αναμένεται να επηρεάσει επί τα χείρω τις εργασιακές σχέσεις και μια σειρά από εργασιακά δικαιώματα, είναι ο αρμόδιος υπουργός, Κωστής...","11.05.2021, 15:44"
Το κατώφλι της αξιοπρέπειας, Νοσηρή η σκέψη της κυβέρνησης ότι η εργασία είναι ακριβή κι αποτρεπτική για επενδύσεις. Ώρα να αποκαλύψουν τι είδους ανάκαμψη θέλουν και για ποιους,"11.05.2021, 08:47"
Ισχυρή τεκμηρίωση της πρότασης για αύξηση του κατώτατου μισθού," Μονόδρομος η αύξηση των μισθών / Μαύρες τρύπες στον εμβολιασμό των ενηλίκων / Self tests: Άνοιξαν τα σχολεία, έκλεισε η πλατφόρμα / Αιματηρά επεισόδια με περισσότερους από 20 Παλαιστίνιους νεκρούς / Ενστολοι...","11.05.2021, 07:22"
Στενό μαρκάρισμα για το 8ωρο," Mε μια μακροσκελέστατη ανακοίνωση 1.700 λέξεων ο ΣΥΡΙΖΑ-Π.Σ. εξαπέλυσε νέα σφοδρή επίθεση στην κυβέρνηση για το εργασιακό νομοσχέδιο, καταλογίζοντάς της «9 ψέματα» και επιμένοντας ότι θα φέρει την κατάργηση...","11.05.2021, 06:00"
Τι είπε ο Φουρθιώτης στην ανακρίτρια," Ο παρουσιαστής δήλωσε αθώος, ενώ σε αρκετές ερωτήσεις της ανακρίτριας απάντησε ότι δεν θυμάται και δεν γνωρίζει.","10.05.2021, 18:19"
ΣΥΡΙΖΑ: Τα 9 ψέματα της Ν.Δ. για το εργασιακό," Ο ΣΥΡΙΖΑ-ΠΣ αποδομεί ένα προς ένα τα βασικά επιχειρήματα της κυβέρνησης σχετικά με το νέο εργασιακό νομοσχέδιο, τονίζοντας ότι το Μαξίμου δρομολογεί κατάργηση 8ώρου και μειώσεις μισθών.","10.05.2021, 17:16"
ΜέΡΑ25: Ο εργασιακός νόμος μετατρέπει τη δουλειά σε δουλεία," Συνολική τοποθέτηση για τα εργασιακά θέματα, αλλά θέτοντας στο επίκεντρο το νομοσχέδιο Χατζηδάκη, έκανε το ΜέΡΑ25, που εξέφρασε την εκτίμηση ότι «ο εργασιακός νόμος της κυβέρνησης, απορρυθμίζοντας κι άλλο την...","10.05.2021, 14:54"
Κρήτη: Διαδικτυακή Ημερίδα για την παρενόχληση στους χώρους εργασίας," Η Περιφέρεια Κρήτης-Περιφερειακό Παρατηρητήριο Κοινωνικής Ένταξης και Περιφερειακή Επιτροπή Ισότητας των Φύλων Κρήτης, υλοποιούν διαδικτυακή ημερίδα με θέμα, «Παρενόχληση στο Χώρο Εργασίας».","10.05.2021, 11:09"
Covid-19: να απελευθερωθούμε από το καπιταλιστικό φαντασιακό;, Στα δύο τελευταία άρθρα των «Μηχανών του Νου» εξετάσαμε το πώς η πολιτική για την αντιμετώπιση της επιδημίας του κορονοϊού υπονομεύει τις σχέσεις των...,"08.05.2021, 20:18"
ΚΚΕ: «Σκλάβοι στον 21ο αιώνα δεν θα γίνουμε!», Ο Περισσός χαρακτηρίζει «αιτία πολέμου» το νομοσχέδιο-έκτρωμα του Χατζηδάκη που ανατρέπει θεμελιώδη εργατικά δικαιώματα και περιορίζει τη συνδικαλιστική δράση.,"08.05.2021, 17:04"
Ο δρόμος έφερε χαμόγελα," Τα χαμόγελα επέστρεψαν στον ΣΥΡΙΖΑ-Π.Σ., αλλά ο αγώνας συνεχίζεται. Με αφορμή το εργασιακό νομοσχέδιο της κυβέρνησης το κόμμα της αξιωματικής αντιπολίτευσης επέστρεψε για πρώτη φορά τόσο μαζικά και έπειτα από...","08.05.2021, 16:31"
Φτηνότερες και περισσότερες υπερωρίες!," Πέρα από την κατάλυση του 8ώρου, το δώρο της κυβέρνησης προς τις μεγάλες επιχειρήσεις είναι η δραστική μείωση του κόστους των υπερωριών.","08.05.2021, 14:05"
«Θα εφαρμόσουμε το πιστοποιητικό από την 1η Ιουνίου»," Η Σοφία Ζαχαράκη μιλά στην «Εφ.Συν.» για το επικείμενο άνοιγμα του τουρισμού στις 15 Μαΐου, το ευρωπαϊκό πιστοποιητικό, το λοκντάουν στην Κάλυμνο και το ζήτημα της παραβίασης των εργασιακών δικαιωμάτων στον...","08.05.2021, 12:26"
Επιστρεπτέα προκαταβολή: Ερχεται η ώρα της επιστροφής, Ανεξάρτητες αρχές: Σαφάρι χειραγώγησης από την κυβέρνηση / Συνέντευξη Δημοσθένη Κούρτοβικ / Χάιρο Μπουσταμάντε / Τα υγειονομικά σύνορα της Γηραιάς Ηπείρου/ ΑΚΡΟΠΟΛΗ: Τουριστικό προϊόν ή μνημείο παγκόσμιας...,"08.05.2021, 08:06"
Δύναμη εργαζομένων βαφτίζει ο Μητσοτάκης τις εργασιακές σχέσεις - λάστιχο," Για δήθεν «δύναμη» στον εργαζόμενο μίλησε ο Κυριάκος Μητσοτάκης, στον απόηχο της μεγάλης απεργιακής κινητοποίησης για το νομοσχέδιο του Κ. Χατζηδάκη, προσερχόμενος στη Σύνοδο του Πόρτο.","07.05.2021, 20:58"
Φουντώνει ο «πόλεμος» για το νομοσχέδιο Χατζηδάκη , Κορυφώνεται η κόντρα της κυβέρνησης με την αξιωματική αντιπολίτευση με αφορμή τις προθέσεις του Μαξίμου να αλλάξει τον εργασιακό χάρτη.,"07.05.2021, 13:12"
Τολμηρή κίνηση του πρόεδρου των ΗΠΑ: να απελευθερωθούν προσωρινά οι πατέντες των εμβολίων, Ο Μπάιντεν εκθέτει την Ευρώπη/ «Οχι» στον εργασιακό μεσαίωνα/ ΘΕΑΤΡΙΚΗ ΑΓΩΓΗ: Για μια θέση στον ήλιο των διορισμών/ ΕΛΛΗΝΙΚΑ ΠΕΤΡΕΛΑΙΑ: Κρυφτούλι νομιμοφάνειας για την παράδοσή τους στον όμιλο Λάτση/ Στη...,"07.05.2021, 07:35"
Στην κορυφή του μαζικού μπλοκ του ΣΥΡΙΖΑ ο Αλ. Τσίπρας, Στη μάχη για την υπεράσπιση του δικαιώματος των εργαζομένων και της λαϊκής πλειοψηφίας αναφέρθηκε ο Αλέξης Τσίπρας στην χθεσινή απεργία που πραγματοποιήθηκε στο Σύνταγμα.,"07.05.2021, 06:00"
Το ΥΠΑΙΘ εξαγγέλλει 5.250 μόνιμους διορισμούς και μεθοδεύει περικοπές και άρση της μονιμότητας, Η χρόνια αδιοριστία έχει τέτοια έκταση και ένταση στην Πρωτοβάθμια και Δευτεροβάθμια Εκπαίδευση που φέτος το ΥΠΑΙΘ αναγκάστηκε να προσλάβει πάνω από 44.000 αναπληρωτές εκπαιδευτικούς.,"06.05.2021, 16:36"
Ενα αλλιώτικο… λουκέτο, Και αυτή η μικρή ιστορία είναι μια παρότρυνση για στήριξη των επιχειρήσεων της γειτονιάς μας και ένα σήμα κινδύνου για όσα μας επιφυλάσσει το νέο εργασιακό νομοσχέδιο. Καληνύχτα και καλή τύχη!,"06.05.2021, 16:00"
Εργασιακό νομοσχέδιο και επισφαλώς εργαζόμενοι," Το νομοσχέδιο που έχει προαναγγελθεί από το υπουργείο Εργασίας, έρχεται να επιδεινώσει μια ήδη δύσκολη κατάσταση για τους εργαζόμενους και τις εργαζόμενες σε επισφαλείς θέσεις εργασίας.","06.05.2021, 16:00"
"Τι απαντά το ΜέΡΑ 25 στον Χατζηδάκη για 8ωρο, απολύσεις και ελέγχους επιχειρήσεων"," Εφ' όλης της ύλης επίθεση για τα εργασιακά εξαπολύει το ΜέΡΑ25 στην κυβέρνηση και τον υπουργό Εργασίας, αναδεικνύοντας αντιφάσεις, ψέμματα και παραπλανητικές δηλώσεις του.","06.05.2021, 11:56"
Όλοι στους δρόμους για το 8ωρο, Μαζική ήταν συμμετοχή στην κινητοποίηση κατά του νομοσχεδίου Χατζηδάκη. Χιλιάδες κόσμου σε πορεία έφτασαν στην πλατεία Συντάγματος.,"06.05.2021, 11:08"
Ο ΣΥΡΙΖΑ στη μάχη της απεργίας," Μεγάλη καμπάνια ενημέρωσης για τη σημερινή συγκέντρωση στην Κλαυθμώνος, όπου αναμένεται να βρεθούν ο Αλ. Τσίπρας και πολλά πρωτοκλασάτα στελέχη του κόμματος.","06.05.2021, 10:24"
24ωρη απεργία και κινητοποιήσεις ενάντια στην κατάργηση του 8ώρου," Απεργία για την ΑΔΕΔΥ και τα Εργατικά Κέντρα της χώρας, για την Εργατική Πρωτομαγιά. Μεγάλες και δυναμικές κινητοποιήσεις σε όλη τη χώρα.","06.05.2021, 08:35"
ΓΣΕΕ για Marfin," Αλλά σωστότερα θα ήταν εάν θυμόταν και την παντελή έλλειψη μέτρων ασφάλειας της εργασίας, την απουσία πυρασφάλειας, το γυμνό και απροστάτευτο εργασιακό περιβάλλον.","06.05.2021, 08:15"
Στους δρόμους για την προάσπιση του 8ωρου," Σε δυναμικές κινητοποιήσεις έχουν καλέσει η ΑΔΕΔΥ, το Εργατικό Κέντρο Αθήνας και το ΠΑΜΕ • «Mητέρα των μαχών» για τον ΣΥΡΙΖΑ το ν/σ Χατζηδάκη","05.05.2021, 22:31"
Εξαπατήσεις και μαγειρέματα με τους διορισμούς εκπαιδευτικών, Πόσο ακόμη μπορεί να αντέξει το εκπαιδευτικό μας σύστημα όταν ήδη το 26% του συνόλου των εκπαιδευτικών που υπηρετούν στην Εκπαίδευση της χώρας είναι αναπληρωτές;,"05.05.2021, 15:02"
Το αίτημα για το 8ωρο γίνεται ξανά επίκαιρο , Επί ποδός βρίσκεται ο ΣΥΡΙΖΑ ενόψει της πανελλαδικής απεργίας της Πέμπτης με βασικό αίτημα την απόσυρση του εργασιακού νομοσχεδίου της κυβέρνησης.,"05.05.2021, 14:31"
Η απεργία της Πέμπτης το μεγάλο στοίχημα του ΣΥΡΙΖΑ-Π.Σ.," Η επιτυχία της πανελλαδικής απεργίας της Πέμπτης, με βασικό αίτημα την απόσυρση του εργασιακού νομοσχεδίου της κυβέρνησης, αποτελεί το μεγάλο στοίχημα του ΣΥΡΙΖΑ-Π.Σ. και του ίδιου του Αλέξη Τσίπρα για το...","05.05.2021, 12:06"
Η Πρωτοβουλία δικηγόρων και νομικών για τα δημοκρατικά δικαιώματα συμμετέχει στην απεργία της 6/5, Με αιχμηρή κριτική στην κυβέρνηση συνοδεύουν δικηγόροι και νομικοί το κάλεσμά τους για συμμετοχή στις αυριανές απεργιακές κινητοποιήσεις.,"05.05.2021, 11:44"
«Η κυβέρνηση είναι ο καλύτερος φίλος της εργοδοτικής ανομίας»," «Το νέο εργασιακό νομοσχέδιο της κυβέρνησης θα φέρει μείωση μισθών και νέο κύμα εξόδου του επιστημονικού δυναμικού της χώρας» τονίζει στη συνέντευξη που έδωσε στην «Εφ.Συν.» ο εκπρόσωπος Τύπου του ΣΥΡΙΖΑ-Π.Σ.,...","05.05.2021, 10:36"
Εργατική Πρωτομαγιά σε δύο δόσεις," Συνέχεια των απεργιακών κινητοποιήσεων αύριο, Πέμπτη 6 Μαΐου, με την ΑΔΕΔΥ, το Εργατικό Κέντρο Αθήνας και το ΠΑΜΕ να καλούν σε συγκεντρώσεις.","05.05.2021, 07:00"
Η efsyn.gr συμμετέχει στην απεργία της ΕΣΗΕΑ, Η efsyn.gr δεν θα μεταδίδει ειδήσεις από τις 6 πμ. της Τρίτης έως τις 6 πμ. της Τετάρτης • Ποιοι άλλοι κλάδοι απεργούν την Τρίτη και την Πέμπτη.,"04.05.2021, 05:55"
Ρεκόρ κενών εκπαιδευτικών λόγω αυξημένων παραιτήσεων, Ο πληθυσμός των μονίμων εκπαιδευτικών αναμένεται να ελαττωθεί κατά 8.000 περίπου: πρόκειται για τη μεγαλύτερη έξοδο των τελευταίων 10 χρόνων.,"02.05.2021, 21:21"
Η ΛΟΑΤΚΙ+ του ΣΥΡΙΖΑ καλεί στην πανελλαδική διαμαρτυρία της 6ης Μάη," Μεταξύ άλλων τονίζει ότι το δικαίωμα στην 8ωρη εργασία είναι αναφαίρετο και αυτονόητο δικαίωμα, όπως είναι το δικαίωμα στην ασφαλιστική κάλυψη και το δικαίωμα στην ισότητα στους χώρους εργασίας.","01.05.2021, 16:12"
Τώρα «η νεολαία δείχνει τον δρόμο» για τον Κ. Μητσοτάκη," Ξεχνώντας τις προηγούμενες επικοινωνιακές προσπάθειες να επιρρίψει ευθύνες στους νέους και στις πλατείες και μετά το ημερήσιο ρεκόρ εμβολιασμών, ο πρωθυπουργός δήλωσε ότι η νεολαία είναι αυτή που δείχνει τον...","30.04.2021, 16:32"
Απεργοσπαστική πρακτική καταγγέλλουν εργαζόμενοι του ΕΜΣΤ," Το ΔΣ του Σωματείου Εργαζομένων του Εθνικού Μουσείου Σύγχρονης Τέχνης «καταγγέλλει την απεργοσπαστική πρακτική της πλειοψηφίας του Διοικητικού Συμβουλίου του ΕΜΣΤ που επιμένει στην εξαγγελία, για...","29.04.2021, 08:21"
Η Pfizer Hellas στην κορυφή των εταιρειών με το καλύτερο εργασιακό περιβάλλον στην Ελλάδα," Εταιρεία με το καλύτερο εργασιακό περιβάλλον στην Ελλάδα, αναδείχθηκε η Pfizer Hellas, στο πλαίσιο της ετήσιας έρευνας του Great Place to Work...","28.04.2021, 14:00"
Κατά της καταστρατήγησης των εργασιακών δικαιωμάτων το Μετρό την Πρωτομαγιά," Στάση εργασίας, από την έναρξη της βάρδιας μέχρι τις εννέα το πρωί και από τις εννέα το βράδυ μέχρι τη λήξη του ωραρίου, έχει προκηρύξει για τις 4 Μαΐου το Σωματείο Εργαζομένων Λειτουργίας Μετρό Αθηνών (ΣΕΛΜΑ).","28.04.2021, 13:11"
Κάλεσμα αγώνα για τα εργασιακά," Η μάχη για τα εργασιακά έχει χαρακτηριστεί από τον ΣΥΡΙΖΑ «μάχη των μαχών» με την κυβέρνηση Μητσοτάκη. Ο Αλέξης Τσίπρας απηύθυνε ανοιχτό κάλεσμα στους εργαζόμενους όλης της χώρας, να ενώσουν δυνάμεις για την...","28.04.2021, 06:00"
Σημαντικές διακρίσεις για την Coca-Cola Τρία Έψιλον, Η Coca‑Cola Τρία Έψιλον είναι ένας από τους σημαντικότερους εργοδότες της χώρας και οι διακρίσεις αυτές αποτελούν αναγνώριση της σημασίας που δίνει η...,"27.04.2021, 15:00"
BAT Hellas: Στα κορυφαία εργασιακά περιβάλλοντα της χώρας," Σημαντική διάκριση για την British American Tobacco Hellas η επιλογή της στη λίστα με τα κορυφαία εργασιακά περιβάλλοντα της χώρας, στον καταξιωμένο...","27.04.2021, 14:30"
"Περικλής: ο αγαπητικός της ζωής, της παρέας, των ανθρώπων", Η παρέα έμεινε απ’ την αγάπη του φύλακα άγγελου ανθρωποφύλακα των ανθρώπων.,"26.04.2021, 16:00"
Ο ΣΥΡΙΖΑ επιστρέφει στον δρόμο," Η Εβδομάδα των Παθών ξεκίνησε χθες, στον ΣΥΡΙΖΑ-Π.Σ., ωστόσο, σκέφτονται ότι Ανάσταση για τους εργαζόμενους δεν πρόκειται να υπάρξει κι έχουν στο μυαλό τους την απεργιακή κινητοποίηση της επόμενης εβδομάδας με...","26.04.2021, 06:00"
Εργασιακό ν/σ και διαχείριση πανδημίας στο στόχαστρο του ΣΥΡΙΖΑ," Ο ΣΥΡΙΖΑ-ΠΣ κλιμακώνει τα πυρά κατά της κυβέρνησης, επικεντρώνοντας την κριτική του σε δύο κύριους άξονες: τη διαχείριση της πανδημίας και το εργασιακό νομοσχέδιο που προωθεί το Μαξίμου. ","25.04.2021, 22:50"
Υπάρχουν συγκεκριμένοι λόγοι για τα 12 θανατηφόρα εργατικά σε ηλεκτρολόγους," Ο τραγικός θάνατος των τριών ηλεκτρολόγων και ο τραυματισμός ενός ακόμη στο Γυμνό της Ερέτριας την 1η Απριλίου, ούτε κεραυνός εν αιθρία ήταν ούτε μια τραγική εξαίρεση για τον επαγγελματικό κλάδο των...","25.04.2021, 10:44"
Η ακτινογραφία ενός διαρκούς εγκλήματος, Που οφείλεται η αύξηση των εργατικών ατυχημάτων τους τελευταίους μήνες. Καταπέλτης η έκθεση του εθνικού εμπειρογνώμονα στους ευρωπαϊκούς θεσμούς,"25.04.2021, 10:30"
Υπηρεσιακές μεταβολές εκπαιδευτικών: «Εξυπηρετήσεις» και τεχνητή μείωση αναγκών;," Εκπαιδευτικοί φορείς και συλλογικότητες καταγγέλλουν ότι εν κρυπτώ και με αδιαφανείς διαδικασίες, Διευθύνσεις Εκπαίδευσης προσδιόρισαν τα οργανικά κενά για όλες τις τοποθετήσεις.","24.04.2021, 21:15"
Μετά το Πάσχα έχει δουλειά πολλή!, Βαριά είναι η πολιτική ατζέντα από τις αρχές Μαΐου για τον ΣΥΡΙΖΑ με κορυφαία προτεραιότητα το νομοσχέδιο για τα εργασιακά και πρώτο σημαντικό ορόσημο την απεργία στις 6 του μήνα.,"24.04.2021, 11:07"
Δέσμευση ΣΥΡΙΖΑ για κατάργηση των αντεργατικών διατάξεων της Ν.Δ.," Σκληρή κριτική στην κυβέρνηση για την προωθούμενη καταπάτηση των εργασιακών δικαιωμάτων ασκεί ο ΣΥΡΙΖΑ-ΠΣ, ενώ δεσμεύεται για την κατάργησή τους όταν επιστρέψει στα κυβερνητικά έδρανα.","23.04.2021, 16:51"
ΠΕΦ: Ενισχύει την απασχόληση συμβάλλοντας στην επανένταξη συνανθρώπων μας στην αγορά εργασίας, Η Πανελλήνια Ένωση Φαρμακοβιομηχανίας (ΠΕΦ) και η Action Aid Hellas ολοκλήρωσαν τον πρώτο κύκλο μιας πολυδιάστατης συνεργασίας. Ο πρώτος κύκλος αυτής...,"22.04.2021, 12:10"
ΚΚΕ (μ-λ): Τηλεοπτικό μήνυμα Μητσοτάκη: 5λεπτο κήρυγμα αναισθησίας και θράσους," Αιχμηρή κριτική ασκεί το ΚΚΕ (μ-λ) στην κυβέρνηση και τον πρωθυπουργό προσωπικά, με αφορμή το χθεσινό του διάγγελμα, κάνοντας λόγο για εκβιασμό του λαού.","22.04.2021, 10:42"
"Στους δρόμους υγειονομικοί, εμποροϋπάλληλοι, ΕΦΚΑ, ΟΠΕΚΑ και δάσκαλοι"," Ένταξη στα ΒΑΕ, μονιμοποίηση εκτάκτων και ενίσχυση του ΕΣΥ μεταξύ των αιτημάτων της ΠΟΕΔΗΝ, μέτρα προστασίας με τεστ και εμβόλια στους χώρους εργασίας και στα ΜΜΜ ζητούν οι εμποροϋπάλληλοι.","22.04.2021, 10:24"
«Κήρυξαν πόλεμο στους εργαζόμενους», Σε πολεμικούς τόνους θα κινηθεί ο ΣΥΡΙΖΑ εν όψει κατάθεσης από την κυβέρνηση του νομοσχεδίου για τα εργασιακά ● Τσίπρας στο Πολιτικό Συμβούλιο: «Ξεπληρώνουν γραμμάτιο στον ΣΕΒ και τα μεγάλα συμφέροντα. Θα μας...,"22.04.2021, 09:15"
Τσίπρας: Φανερώνεται ποιος εξυπηρετεί τα μεγάλα συμφέροντα," Σκληρό ροκ από τον πρόεδρο του ΣΥΡΙΖΑ κατά του πρωθυπουργού με αφορμή το εργασιακό νομοσχέδιο, με κατηγορίες κατά του Κ. Μητσοτάκη ότι ξεπληρώνει «γραμμάτιο» προς τον ΣΕΒ.","21.04.2021, 15:38"
Επιμένει η ΓΣΕΕ στην «απεργία» της," Ενώ Εργατικό Κέντρο Αθήνας και ΑΔΕΔΥ προσχωρούν στην πρωτομαγιάτικη απεργία της 6ης Μάη, μαζί με δεκάδες άλλα συνδικάτα, η γενική συνομοσπονδία ανακοινώνει τις διεκδικήσεις της απεργίας της 4ης Μάη, που η...","21.04.2021, 10:40"
Σ.Φ.Ε.Α.: 54 χρόνια μετά την 21η Απρίλη του 1967, Κείμενο του Συλλόγου Φυλακισθέντων και Εξορισθέντων Αντιστασιακών 1967 - 1974 (Σ.Φ.Ε.Α.) με αφορμή τη θλιβερή επέτειο από το πραξικόπημα.,"21.04.2021, 09:42"
Μ-Λ ΚΚΕ: Συγκέντρωση μνήμης και τιμής στο Κάστρο του Υμηττού την Κυριακή 25/4," Τιμώντας την ηρωική αντίσταση και θυσία των τριών ΕΠΟΝιτών, του Δημήτρη Αυγέρη, του Κώστα Φολτόπουλου και του Θάνου Κιοκμενίδη, η Κ.Ο. Ανατολικών Συνοικιών του Μ-Λ ΚΚΕ διοργανώνει συγκέντρωση στην πλατεία...","20.04.2021, 23:50"
Σε πορεία προς το συνέδριο το ΜέΡΑ25," Η Κ.Ε. του ΜέΡΑ25 συνεδρίασε το προηγούμενο Σαββατοκύριακο (17-18 Απριλίου) με βασικό θέμα τις πανευρωπαϊκές πολιτικές για την υγεία, την οικονομία, το περιβάλλον και την ειρήνη και άνοιξε τον δρόμο για το...","20.04.2021, 11:53"
«Ο κ. Μητσοτάκης εξοφλεί γραμμάτια για την καταστρατήγηση εργασιακών δικαιωμάτων»," Επίθεση στην κυβέρνηση για το νομοσχέδιο - «οδοστρωτήρα» στα εργασιακά εξαπέλυσε η Φώφη Γεννηματά, μιλώντας σε παραγωγικούς φορείς της Θεσσαλονίκης στο πλαίσιο της ψηφιακής περιοδείας του Κινήματος Αλλαγής.","19.04.2021, 21:17"
Ζητά να ανοίξουν άμεσα οι Ακαδημίες Εμπορικού Ναυτικού (ΑΕΝ)," Περισσότερο από ένα χρόνο παραμένουν κλειστές οι Ακαδημίες Εμπορικού Ναυτικού (ΑΕΝ) λόγω της πανδημίας, οι σπουδαστές κάνουν μαθήματα μέσω τηλεκπαίδευσης και διαμορφώνεται ένα βαθιά προβληματικό σκηνικό.","19.04.2021, 06:00"
Σε ένα μέρος μοναχικό, Ο ελεύθερος άνθρωπος έχει την ικανότητα να μπλοκάρει το συναίσθημά του προκειμένου να υπερβεί την ανάγκη του για εγγύτητα και συντροφικότητα.,"18.04.2021, 15:06"
Σκέψεις για την τέχνη της επόμενης μέρας (β' μέρος), Αρχίζει να υπάρχει όλο και πιο έντονα ένας προβληματισμός και μια συζήτηση από τη μεριά των ανθρώπων του θεάτρου για το πώς θα είναι η επόμενη μέρα του.,"18.04.2021, 10:46"
«Τρέμω μη στερηθώ το δώρο της διάκρισης»," Ο Δημήτρης Ζερβουδάκης, ένας από τους σημαντικότερους τραγουδοποιούς των τελευταίων δεκαετιών, μας μιλά με αφορμή τον δίσκο «Του τρελού η ανάσα»","18.04.2021, 10:20"
Ηλιόπουλος: Επικίνδυνη η Ν.Δ. – κεντρική η μάχη για το 8ωρο," Ο εκπρόσωπος Τύπου του ΣΥΡΙΖΑ-ΠΣ εστίασε στο θέμα της πανδημίας, αλλά και στο νέο εργασιακό νομοσχέδιο που προωθεί η κυβέρνηση, το οποίο μεταξύ άλλων προβλέπει ουσιαστικά την κατάργηση του 8ωρου. ","17.04.2021, 17:25"
Βαρουφάκης: Το εργασιακό νομοσχέδιο του Κ. Χατζηδάκη επαναφέρει το δόγμα του σοκ," Κριτική στο νομοσχέδιο του Κ. Χατζηδάκη που θίγει το οκτάωρο εργασίας αλλά και την πολιτική διαχείρισης της πανδημίας όχι μόνο στην Ελλάδα αλλά και ευρωπαϊκά, άσκησε ο Γ. Βαρουφάκης κατά τη συνεδρίαση της Κ.Ε....","17.04.2021, 17:00"
ΣΥΡΙΖΑ: Η κυβέρνηση Μητσοτάκη οδηγεί σε ανεξέλεγκτες απολύσεις," «Η κυβέρνηση έχει κηρύξει πόλεμο στους εργαζομένους και στα θεμελιώδη δημοκρατικά και κοινωνικά τους δικαιώματα», σημειώνει η τομεάρχης Εργασίας του ΣΥΡΙΖΑ-ΠΣ, Μαριλίζα Ξενογιαννακοπούλου.","16.04.2021, 12:39"
Πώς έγινε... άνθρακες ο «χρυσός» του Πρίνου;," Σε δεινή θέση βρίσκεται η εταιρεία Energean Kavala που εξαρτάται από δάνειο 100 εκατ. ευρώ με εγγύηση του Δημοσίου, ενώ παραμένουν τα ερωτήματα σχετικά με την χρηματοδότησή της.","16.04.2021, 12:13"
Επανεκκίνηση οικονομίας," Ο φαύλος κύκλος του χρέους δεν πρόκειται να σπάσει με επιστρεπτέες προκαταβολές, με «παγώματα» και «κουρέματα» χωρίς αξιοπρεπείς μισθούς, εργασιακή ασφάλεια και αξιοπρέπεια.","15.04.2021, 16:00"
